Node_ID,Round,Round_Start_Time,Round_End_Time_ms,Certificate_Count,Certificate_1_Time_Delta_ms,Certificate_1_Origin,Certificate_2_Time_Delta_ms,Certificate_2_Origin,Certificate_3_Time_Delta_ms,Certificate_3_Origin,Certificate_4_Time_Delta_ms,Certificate_4_Origin,Certificate_5_Time_Delta_ms,Certificate_5_Origin,Certificate_6_Time_Delta_ms,Certificate_6_Origin,Certificate_7_Time_Delta_ms,Certificate_7_Origin,Certificate_8_Time_Delta_ms,Certificate_8_Origin,Certificate_9_Time_Delta_ms,Certificate_9_Origin,Certificate_10_Time_Delta_ms,Certificate_10_Origin
0,1,2026-04-04T09:58:25.460Z,13722.000,7,9324.000,ckt2afaVH4Vb7UP/,10158.000,egFi0biPGDaYhMBn,11021.000,o/L+MTIJQ9eq7gmz,11771.000,Zei/66KkS/aufM7i,13241.000,hMSv+Gb8thFPP00s,13634.000,IEtPd6GdCtaooxkh,13722.000,XY5TU4LR5zXXLXY/,,,,,,
0,2,2026-04-04T09:58:39.182Z,1138.000,8,319.000,IEtPd6GdCtaooxkh,323.000,egFi0biPGDaYhMBn,422.000,ckt2afaVH4Vb7UP/,423.000,o/L+MTIJQ9eq7gmz,530.000,Zei/66KkS/aufM7i,688.000,hMSv+Gb8thFPP00s,1138.000,XY5TU4LR5zXXLXY/,1499.000,vWRTCpeRdExPnSKr,,,,
0,3,2026-04-04T09:58:40.320Z,474.000,9,214.000,ckt2afaVH4Vb7UP/,215.000,o/L+MTIJQ9eq7gmz,217.000,Zei/66KkS/aufM7i,264.000,hMSv+Gb8thFPP00s,364.000,IEtPd6GdCtaooxkh,368.000,egFi0biPGDaYhMBn,474.000,+MbPW6GumDNtG9XL,737.000,XY5TU4LR5zXXLXY/,1021.000,vWRTCpeRdExPnSKr,,
0,4,2026-04-04T09:58:40.794Z,512.000,10,408.000,+MbPW6GumDNtG9XL,409.000,IEtPd6GdCtaooxkh,412.000,egFi0biPGDaYhMBn,505.000,hMSv+Gb8thFPP00s,508.000,o/L+MTIJQ9eq7gmz,511.000,ckt2afaVH4Vb7UP/,512.000,Zei/66KkS/aufM7i,730.000,XY5TU4LR5zXXLXY/,1021.000,vWRTCpeRdExPnSKr,1277.000,NxEI7tMG5w+LsmIo
0,5,2026-04-04T09:58:41.306Z,573.000,9,310.000,+MbPW6GumDNtG9XL,311.000,IEtPd6GdCtaooxkh,411.000,Zei/66KkS/aufM7i,412.000,egFi0biPGDaYhMBn,414.000,hMSv+Gb8thFPP00s,415.000,o/L+MTIJQ9eq7gmz,573.000,ckt2afaVH4Vb7UP/,921.000,XY5TU4LR5zXXLXY/,1181.000,vWRTCpeRdExPnSKr,,
0,6,2026-04-04T09:58:41.879Z,417.000,10,307.000,Zei/66KkS/aufM7i,312.000,ckt2afaVH4Vb7UP/,412.000,o/L+MTIJQ9eq7gmz,414.000,+MbPW6GumDNtG9XL,415.000,egFi0biPGDaYhMBn,416.000,IEtPd6GdCtaooxkh,417.000,hMSv+Gb8thFPP00s,815.000,XY5TU4LR5zXXLXY/,1108.000,vWRTCpeRdExPnSKr,1229.000,NxEI7tMG5w+LsmIo
0,7,2026-04-04T09:58:42.296Z,516.000,9,406.000,egFi0biPGDaYhMBn,411.000,IEtPd6GdCtaooxkh,412.000,+MbPW6GumDNtG9XL,509.000,o/L+MTIJQ9eq7gmz,511.000,Zei/66KkS/aufM7i,515.000,hMSv+Gb8thFPP00s,516.000,ckt2afaVH4Vb7UP/,986.000,XY5TU4LR5zXXLXY/,1310.000,vWRTCpeRdExPnSKr,,
0,8,2026-04-04T09:58:42.812Z,500.000,8,396.000,egFi0biPGDaYhMBn,397.000,IEtPd6GdCtaooxkh,398.000,+MbPW6GumDNtG9XL,491.000,o/L+MTIJQ9eq7gmz,493.000,Zei/66KkS/aufM7i,497.000,ckt2afaVH4Vb7UP/,500.000,hMSv+Gb8thFPP00s,972.000,XY5TU4LR5zXXLXY/,,,,
0,9,2026-04-04T09:58:43.312Z,429.000,10,323.000,+MbPW6GumDNtG9XL,324.000,IEtPd6GdCtaooxkh,325.000,egFi0biPGDaYhMBn,419.000,Zei/66KkS/aufM7i,423.000,ckt2afaVH4Vb7UP/,424.000,hMSv+Gb8thFPP00s,428.000,o/L+MTIJQ9eq7gmz,900.000,vWRTCpeRdExPnSKr,935.000,XY5TU4LR5zXXLXY/,1060.000,NxEI7tMG5w+LsmIo
0,10,2026-04-04T09:58:43.741Z,504.000,9,398.000,+MbPW6GumDNtG9XL,400.000,egFi0biPGDaYhMBn,400.000,IEtPd6GdCtaooxkh,497.000,hMSv+Gb8thFPP00s,499.000,o/L+MTIJQ9eq7gmz,502.000,ckt2afaVH4Vb7UP/,504.000,Zei/66KkS/aufM7i,979.000,XY5TU4LR5zXXLXY/,980.000,vWRTCpeRdExPnSKr,,
0,11,2026-04-04T09:58:44.245Z,429.000,10,320.000,+MbPW6GumDNtG9XL,322.000,egFi0biPGDaYhMBn,323.000,IEtPd6GdCtaooxkh,422.000,ckt2afaVH4Vb7UP/,423.000,hMSv+Gb8thFPP00s,424.000,o/L+MTIJQ9eq7gmz,428.000,Zei/66KkS/aufM7i,798.000,vWRTCpeRdExPnSKr,923.000,NxEI7tMG5w+LsmIo,936.000,XY5TU4LR5zXXLXY/
0,12,2026-04-04T09:58:44.674Z,506.000,9,397.000,+MbPW6GumDNtG9XL,399.000,egFi0biPGDaYhMBn,400.000,IEtPd6GdCtaooxkh,488.000,hMSv+Gb8thFPP00s,489.000,Zei/66KkS/aufM7i,496.000,ckt2afaVH4Vb7UP/,506.000,o/L+MTIJQ9eq7gmz,840.000,vWRTCpeRdExPnSKr,970.000,XY5TU4LR5zXXLXY/,,
0,13,2026-04-04T09:58:45.180Z,419.000,10,312.000,IEtPd6GdCtaooxkh,315.000,+MbPW6GumDNtG9XL,317.000,egFi0biPGDaYhMBn,411.000,o/L+MTIJQ9eq7gmz,412.000,hMSv+Gb8thFPP00s,413.000,ckt2afaVH4Vb7UP/,419.000,Zei/66KkS/aufM7i,731.000,XY5TU4LR5zXXLXY/,807.000,vWRTCpeRdExPnSKr,890.000,NxEI7tMG5w+LsmIo
0,14,2026-04-04T09:58:45.599Z,505.000,10,399.000,IEtPd6GdCtaooxkh,400.000,+MbPW6GumDNtG9XL,402.000,egFi0biPGDaYhMBn,498.000,ckt2afaVH4Vb7UP/,500.000,hMSv+Gb8thFPP00s,503.000,Zei/66KkS/aufM7i,504.000,o/L+MTIJQ9eq7gmz,769.000,NxEI7tMG5w+LsmIo,868.000,vWRTCpeRdExPnSKr,972.000,XY5TU4LR5zXXLXY/
0,15,2026-04-04T09:58:46.104Z,423.000,10,317.000,IEtPd6GdCtaooxkh,319.000,+MbPW6GumDNtG9XL,322.000,egFi0biPGDaYhMBn,416.000,Zei/66KkS/aufM7i,418.000,hMSv+Gb8thFPP00s,421.000,ckt2afaVH4Vb7UP/,423.000,o/L+MTIJQ9eq7gmz,738.000,NxEI7tMG5w+LsmIo,756.000,XY5TU4LR5zXXLXY/,830.000,vWRTCpeRdExPnSKr
0,16,2026-04-04T09:58:46.527Z,502.000,10,398.000,IEtPd6GdCtaooxkh,400.000,+MbPW6GumDNtG9XL,403.000,egFi0biPGDaYhMBn,496.000,Zei/66KkS/aufM7i,497.000,ckt2afaVH4Vb7UP/,500.000,o/L+MTIJQ9eq7gmz,502.000,hMSv+Gb8thFPP00s,783.000,NxEI7tMG5w+LsmIo,789.000,XY5TU4LR5zXXLXY/,883.000,vWRTCpeRdExPnSKr
0,17,2026-04-04T09:58:47.029Z,427.000,10,322.000,+MbPW6GumDNtG9XL,322.000,IEtPd6GdCtaooxkh,324.000,egFi0biPGDaYhMBn,419.000,o/L+MTIJQ9eq7gmz,420.000,hMSv+Gb8thFPP00s,422.000,Zei/66KkS/aufM7i,426.000,ckt2afaVH4Vb7UP/,752.000,NxEI7tMG5w+LsmIo,755.000,XY5TU4LR5zXXLXY/,847.000,vWRTCpeRdExPnSKr
0,18,2026-04-04T09:58:47.456Z,505.000,10,399.000,+MbPW6GumDNtG9XL,400.000,IEtPd6GdCtaooxkh,402.000,egFi0biPGDaYhMBn,499.000,hMSv+Gb8thFPP00s,500.000,Zei/66KkS/aufM7i,503.000,o/L+MTIJQ9eq7gmz,505.000,ckt2afaVH4Vb7UP/,802.000,XY5TU4LR5zXXLXY/,803.000,NxEI7tMG5w+LsmIo,891.000,vWRTCpeRdExPnSKr
0,19,2026-04-04T09:58:47.961Z,421.000,10,317.000,+MbPW6GumDNtG9XL,318.000,IEtPd6GdCtaooxkh,319.000,egFi0biPGDaYhMBn,414.000,Zei/66KkS/aufM7i,415.000,ckt2afaVH4Vb7UP/,415.000,hMSv+Gb8thFPP00s,421.000,o/L+MTIJQ9eq7gmz,768.000,NxEI7tMG5w+LsmIo,769.000,XY5TU4LR5zXXLXY/,845.000,vWRTCpeRdExPnSKr
0,20,2026-04-04T09:58:48.382Z,505.000,10,400.000,IEtPd6GdCtaooxkh,404.000,+MbPW6GumDNtG9XL,406.000,egFi0biPGDaYhMBn,500.000,hMSv+Gb8thFPP00s,502.000,Zei/66KkS/aufM7i,503.000,ckt2afaVH4Vb7UP/,504.000,o/L+MTIJQ9eq7gmz,812.000,XY5TU4LR5zXXLXY/,816.000,NxEI7tMG5w+LsmIo,896.000,vWRTCpeRdExPnSKr
0,21,2026-04-04T09:58:48.887Z,424.000,10,319.000,IEtPd6GdCtaooxkh,320.000,egFi0biPGDaYhMBn,322.000,+MbPW6GumDNtG9XL,413.000,Zei/66KkS/aufM7i,418.000,hMSv+Gb8thFPP00s,419.000,o/L+MTIJQ9eq7gmz,424.000,ckt2afaVH4Vb7UP/,771.000,XY5TU4LR5zXXLXY/,779.000,NxEI7tMG5w+LsmIo,854.000,vWRTCpeRdExPnSKr
0,22,2026-04-04T09:58:49.311Z,505.000,10,401.000,IEtPd6GdCtaooxkh,402.000,+MbPW6GumDNtG9XL,403.000,egFi0biPGDaYhMBn,498.000,hMSv+Gb8thFPP00s,502.000,ckt2afaVH4Vb7UP/,504.000,o/L+MTIJQ9eq7gmz,505.000,Zei/66KkS/aufM7i,822.000,XY5TU4LR5zXXLXY/,828.000,NxEI7tMG5w+LsmIo,907.000,vWRTCpeRdExPnSKr
0,23,2026-04-04T09:58:49.816Z,423.000,10,319.000,egFi0biPGDaYhMBn,321.000,+MbPW6GumDNtG9XL,322.000,IEtPd6GdCtaooxkh,418.000,o/L+MTIJQ9eq7gmz,419.000,ckt2afaVH4Vb7UP/,421.000,Zei/66KkS/aufM7i,423.000,hMSv+Gb8thFPP00s,783.000,NxEI7tMG5w+LsmIo,787.000,XY5TU4LR5zXXLXY/,873.000,vWRTCpeRdExPnSKr
0,24,2026-04-04T09:58:50.239Z,503.000,10,400.000,egFi0biPGDaYhMBn,400.000,IEtPd6GdCtaooxkh,402.000,+MbPW6GumDNtG9XL,498.000,o/L+MTIJQ9eq7gmz,499.000,hMSv+Gb8thFPP00s,501.000,ckt2afaVH4Vb7UP/,503.000,Zei/66KkS/aufM7i,836.000,NxEI7tMG5w+LsmIo,846.000,XY5TU4LR5zXXLXY/,923.000,vWRTCpeRdExPnSKr
0,25,2026-04-04T09:58:50.742Z,425.000,10,316.000,egFi0biPGDaYhMBn,318.000,+MbPW6GumDNtG9XL,320.000,IEtPd6GdCtaooxkh,413.000,Zei/66KkS/aufM7i,416.000,o/L+MTIJQ9eq7gmz,424.000,ckt2afaVH4Vb7UP/,425.000,hMSv+Gb8thFPP00s,809.000,NxEI7tMG5w+LsmIo,817.000,XY5TU4LR5zXXLXY/,896.000,vWRTCpeRdExPnSKr
0,26,2026-04-04T09:58:51.167Z,505.000,10,397.000,egFi0biPGDaYhMBn,398.000,IEtPd6GdCtaooxkh,401.000,+MbPW6GumDNtG9XL,498.000,hMSv+Gb8thFPP00s,499.000,Zei/66KkS/aufM7i,500.000,ckt2afaVH4Vb7UP/,505.000,o/L+MTIJQ9eq7gmz,849.000,NxEI7tMG5w+LsmIo,933.000,XY5TU4LR5zXXLXY/,942.000,vWRTCpeRdExPnSKr
0,27,2026-04-04T09:58:51.672Z,417.000,10,312.000,IEtPd6GdCtaooxkh,316.000,+MbPW6GumDNtG9XL,318.000,egFi0biPGDaYhMBn,410.000,o/L+MTIJQ9eq7gmz,414.000,Zei/66KkS/aufM7i,416.000,hMSv+Gb8thFPP00s,417.000,ckt2afaVH4Vb7UP/,804.000,NxEI7tMG5w+LsmIo,903.000,XY5TU4LR5zXXLXY/,907.000,vWRTCpeRdExPnSKr
0,28,2026-04-04T09:58:52.089Z,507.000,10,402.000,IEtPd6GdCtaooxkh,404.000,egFi0biPGDaYhMBn,407.000,+MbPW6GumDNtG9XL,497.000,hMSv+Gb8thFPP00s,504.000,ckt2afaVH4Vb7UP/,506.000,o/L+MTIJQ9eq7gmz,507.000,Zei/66KkS/aufM7i,857.000,NxEI7tMG5w+LsmIo,954.000,XY5TU4LR5zXXLXY/,960.000,vWRTCpeRdExPnSKr
0,29,2026-04-04T09:58:52.596Z,425.000,10,319.000,+MbPW6GumDNtG9XL,319.000,IEtPd6GdCtaooxkh,323.000,egFi0biPGDaYhMBn,413.000,o/L+MTIJQ9eq7gmz,420.000,Zei/66KkS/aufM7i,422.000,hMSv+Gb8thFPP00s,425.000,ckt2afaVH4Vb7UP/,821.000,NxEI7tMG5w+LsmIo,905.000,XY5TU4LR5zXXLXY/,927.000,vWRTCpeRdExPnSKr
0,30,2026-04-04T09:58:53.021Z,512.000,10,405.000,egFi0biPGDaYhMBn,407.000,IEtPd6GdCtaooxkh,409.000,+MbPW6GumDNtG9XL,498.000,hMSv+Gb8thFPP00s,500.000,o/L+MTIJQ9eq7gmz,504.000,ckt2afaVH4Vb7UP/,512.000,Zei/66KkS/aufM7i,865.000,NxEI7tMG5w+LsmIo,954.000,XY5TU4LR5zXXLXY/,972.000,vWRTCpeRdExPnSKr
0,31,2026-04-04T09:58:53.533Z,414.000,10,307.000,IEtPd6GdCtaooxkh,309.000,+MbPW6GumDNtG9XL,311.000,egFi0biPGDaYhMBn,409.000,Zei/66KkS/aufM7i,411.000,hMSv+Gb8thFPP00s,412.000,o/L+MTIJQ9eq7gmz,413.000,ckt2afaVH4Vb7UP/,821.000,NxEI7tMG5w+LsmIo,904.000,XY5TU4LR5zXXLXY/,933.000,vWRTCpeRdExPnSKr
0,32,2026-04-04T09:58:53.947Z,514.000,10,408.000,IEtPd6GdCtaooxkh,414.000,+MbPW6GumDNtG9XL,415.000,egFi0biPGDaYhMBn,501.000,hMSv+Gb8thFPP00s,508.000,o/L+MTIJQ9eq7gmz,513.000,Zei/66KkS/aufM7i,514.000,ckt2afaVH4Vb7UP/,873.000,NxEI7tMG5w+LsmIo,959.000,XY5TU4LR5zXXLXY/,995.000,vWRTCpeRdExPnSKr
0,33,2026-04-04T09:58:54.461Z,416.000,7,310.000,IEtPd6GdCtaooxkh,312.000,+MbPW6GumDNtG9XL,313.000,egFi0biPGDaYhMBn,409.000,hMSv+Gb8thFPP00s,410.000,o/L+MTIJQ9eq7gmz,413.000,Zei/66KkS/aufM7i,416.000,ckt2afaVH4Vb7UP/,,,,,,
0,34,2026-04-04T09:58:54.877Z,1012.000,9,772.000,IEtPd6GdCtaooxkh,794.000,+MbPW6GumDNtG9XL,896.000,egFi0biPGDaYhMBn,939.000,ckt2afaVH4Vb7UP/,948.000,Zei/66KkS/aufM7i,959.000,hMSv+Gb8thFPP00s,120067.000,XY5TU4LR5zXXLXY/,120064.000,o/L+MTIJQ9eq7gmz,2478.000,NxEI7tMG5w+LsmIo,,
0,35,2026-04-04T09:58:55.889Z,,0,,,,,,,,,,,,,,,,,,,,
1,1,2026-04-04T09:58:26.988Z,12195.000,7,7797.000,ckt2afaVH4Vb7UP/,8629.000,egFi0biPGDaYhMBn,9492.000,o/L+MTIJQ9eq7gmz,10246.000,Zei/66KkS/aufM7i,11713.000,hMSv+Gb8thFPP00s,12107.000,IEtPd6GdCtaooxkh,12195.000,XY5TU4LR5zXXLXY/,,,,,,
1,2,2026-04-04T09:58:39.183Z,1117.000,8,319.000,IEtPd6GdCtaooxkh,322.000,egFi0biPGDaYhMBn,419.000,o/L+MTIJQ9eq7gmz,426.000,ckt2afaVH4Vb7UP/,529.000,Zei/66KkS/aufM7i,687.000,hMSv+Gb8thFPP00s,1116.000,XY5TU4LR5zXXLXY/,1498.000,vWRTCpeRdExPnSKr,,,,
1,3,2026-04-04T09:58:40.300Z,492.000,9,232.000,ckt2afaVH4Vb7UP/,233.000,o/L+MTIJQ9eq7gmz,235.000,Zei/66KkS/aufM7i,286.000,hMSv+Gb8thFPP00s,385.000,IEtPd6GdCtaooxkh,388.000,egFi0biPGDaYhMBn,492.000,+MbPW6GumDNtG9XL,582.000,XY5TU4LR5zXXLXY/,1044.000,vWRTCpeRdExPnSKr,,
1,4,2026-04-04T09:58:40.792Z,513.000,10,409.000,+MbPW6GumDNtG9XL,411.000,IEtPd6GdCtaooxkh,414.000,egFi0biPGDaYhMBn,506.000,Zei/66KkS/aufM7i,510.000,hMSv+Gb8thFPP00s,511.000,ckt2afaVH4Vb7UP/,512.000,o/L+MTIJQ9eq7gmz,643.000,XY5TU4LR5zXXLXY/,1229.000,vWRTCpeRdExPnSKr,1353.000,NxEI7tMG5w+LsmIo
1,5,2026-04-04T09:58:41.305Z,573.000,9,309.000,+MbPW6GumDNtG9XL,313.000,IEtPd6GdCtaooxkh,411.000,hMSv+Gb8thFPP00s,411.000,egFi0biPGDaYhMBn,412.000,Zei/66KkS/aufM7i,414.000,o/L+MTIJQ9eq7gmz,573.000,ckt2afaVH4Vb7UP/,870.000,XY5TU4LR5zXXLXY/,983.000,vWRTCpeRdExPnSKr,,
1,6,2026-04-04T09:58:41.878Z,511.000,10,306.000,Zei/66KkS/aufM7i,311.000,ckt2afaVH4Vb7UP/,413.000,+MbPW6GumDNtG9XL,414.000,hMSv+Gb8thFPP00s,416.000,egFi0biPGDaYhMBn,418.000,IEtPd6GdCtaooxkh,511.000,o/L+MTIJQ9eq7gmz,769.000,XY5TU4LR5zXXLXY/,1121.000,vWRTCpeRdExPnSKr,1226.000,NxEI7tMG5w+LsmIo
1,7,2026-04-04T09:58:42.389Z,424.000,9,313.000,egFi0biPGDaYhMBn,317.000,+MbPW6GumDNtG9XL,319.000,IEtPd6GdCtaooxkh,418.000,Zei/66KkS/aufM7i,421.000,ckt2afaVH4Vb7UP/,423.000,hMSv+Gb8thFPP00s,424.000,o/L+MTIJQ9eq7gmz,897.000,XY5TU4LR5zXXLXY/,1218.000,vWRTCpeRdExPnSKr,,
1,8,2026-04-04T09:58:42.813Z,502.000,8,394.000,egFi0biPGDaYhMBn,395.000,+MbPW6GumDNtG9XL,397.000,IEtPd6GdCtaooxkh,494.000,ckt2afaVH4Vb7UP/,497.000,Zei/66KkS/aufM7i,498.000,o/L+MTIJQ9eq7gmz,502.000,hMSv+Gb8thFPP00s,977.000,XY5TU4LR5zXXLXY/,,,,
1,9,2026-04-04T09:58:43.315Z,422.000,10,318.000,+MbPW6GumDNtG9XL,322.000,IEtPd6GdCtaooxkh,323.000,egFi0biPGDaYhMBn,416.000,Zei/66KkS/aufM7i,418.000,o/L+MTIJQ9eq7gmz,421.000,hMSv+Gb8thFPP00s,422.000,ckt2afaVH4Vb7UP/,736.000,XY5TU4LR5zXXLXY/,899.000,vWRTCpeRdExPnSKr,1062.000,NxEI7tMG5w+LsmIo
1,10,2026-04-04T09:58:43.737Z,502.000,9,400.000,+MbPW6GumDNtG9XL,403.000,egFi0biPGDaYhMBn,406.000,IEtPd6GdCtaooxkh,496.000,o/L+MTIJQ9eq7gmz,499.000,ckt2afaVH4Vb7UP/,500.000,Zei/66KkS/aufM7i,502.000,hMSv+Gb8thFPP00s,823.000,XY5TU4LR5zXXLXY/,945.000,vWRTCpeRdExPnSKr,,
1,11,2026-04-04T09:58:44.239Z,429.000,10,324.000,+MbPW6GumDNtG9XL,328.000,egFi0biPGDaYhMBn,330.000,IEtPd6GdCtaooxkh,423.000,Zei/66KkS/aufM7i,426.000,o/L+MTIJQ9eq7gmz,427.000,hMSv+Gb8thFPP00s,429.000,ckt2afaVH4Vb7UP/,787.000,XY5TU4LR5zXXLXY/,884.000,vWRTCpeRdExPnSKr,929.000,NxEI7tMG5w+LsmIo
1,12,2026-04-04T09:58:44.668Z,506.000,9,401.000,+MbPW6GumDNtG9XL,405.000,egFi0biPGDaYhMBn,408.000,IEtPd6GdCtaooxkh,495.000,hMSv+Gb8thFPP00s,497.000,Zei/66KkS/aufM7i,498.000,ckt2afaVH4Vb7UP/,506.000,o/L+MTIJQ9eq7gmz,827.000,XY5TU4LR5zXXLXY/,953.000,vWRTCpeRdExPnSKr,,
1,13,2026-04-04T09:58:45.174Z,425.000,10,319.000,IEtPd6GdCtaooxkh,320.000,+MbPW6GumDNtG9XL,322.000,egFi0biPGDaYhMBn,415.000,o/L+MTIJQ9eq7gmz,417.000,hMSv+Gb8thFPP00s,420.000,ckt2afaVH4Vb7UP/,424.000,Zei/66KkS/aufM7i,800.000,XY5TU4LR5zXXLXY/,893.000,NxEI7tMG5w+LsmIo,912.000,vWRTCpeRdExPnSKr
1,14,2026-04-04T09:58:45.599Z,501.000,10,398.000,+MbPW6GumDNtG9XL,400.000,IEtPd6GdCtaooxkh,402.000,egFi0biPGDaYhMBn,495.000,Zei/66KkS/aufM7i,497.000,ckt2afaVH4Vb7UP/,499.000,o/L+MTIJQ9eq7gmz,501.000,hMSv+Gb8thFPP00s,832.000,NxEI7tMG5w+LsmIo,839.000,XY5TU4LR5zXXLXY/,966.000,vWRTCpeRdExPnSKr
1,15,2026-04-04T09:58:46.100Z,427.000,10,321.000,+MbPW6GumDNtG9XL,323.000,IEtPd6GdCtaooxkh,326.000,egFi0biPGDaYhMBn,416.000,ckt2afaVH4Vb7UP/,417.000,Zei/66KkS/aufM7i,422.000,o/L+MTIJQ9eq7gmz,427.000,hMSv+Gb8thFPP00s,799.000,NxEI7tMG5w+LsmIo,817.000,XY5TU4LR5zXXLXY/,929.000,vWRTCpeRdExPnSKr
1,16,2026-04-04T09:58:46.527Z,500.000,10,398.000,+MbPW6GumDNtG9XL,400.000,IEtPd6GdCtaooxkh,403.000,egFi0biPGDaYhMBn,495.000,o/L+MTIJQ9eq7gmz,496.000,ckt2afaVH4Vb7UP/,499.000,Zei/66KkS/aufM7i,500.000,hMSv+Gb8thFPP00s,836.000,NxEI7tMG5w+LsmIo,856.000,XY5TU4LR5zXXLXY/,964.000,vWRTCpeRdExPnSKr
1,17,2026-04-04T09:58:47.027Z,427.000,10,322.000,+MbPW6GumDNtG9XL,326.000,IEtPd6GdCtaooxkh,327.000,egFi0biPGDaYhMBn,418.000,Zei/66KkS/aufM7i,421.000,hMSv+Gb8thFPP00s,425.000,o/L+MTIJQ9eq7gmz,427.000,ckt2afaVH4Vb7UP/,805.000,NxEI7tMG5w+LsmIo,833.000,XY5TU4LR5zXXLXY/,923.000,vWRTCpeRdExPnSKr
1,18,2026-04-04T09:58:47.454Z,506.000,10,400.000,+MbPW6GumDNtG9XL,403.000,egFi0biPGDaYhMBn,405.000,IEtPd6GdCtaooxkh,495.000,Zei/66KkS/aufM7i,501.000,o/L+MTIJQ9eq7gmz,504.000,hMSv+Gb8thFPP00s,506.000,ckt2afaVH4Vb7UP/,847.000,NxEI7tMG5w+LsmIo,873.000,XY5TU4LR5zXXLXY/,968.000,vWRTCpeRdExPnSKr
1,19,2026-04-04T09:58:47.960Z,420.000,10,316.000,+MbPW6GumDNtG9XL,320.000,egFi0biPGDaYhMBn,321.000,IEtPd6GdCtaooxkh,415.000,hMSv+Gb8thFPP00s,416.000,ckt2afaVH4Vb7UP/,419.000,Zei/66KkS/aufM7i,420.000,o/L+MTIJQ9eq7gmz,812.000,NxEI7tMG5w+LsmIo,840.000,XY5TU4LR5zXXLXY/,933.000,vWRTCpeRdExPnSKr
1,20,2026-04-04T09:58:48.380Z,509.000,10,404.000,IEtPd6GdCtaooxkh,404.000,+MbPW6GumDNtG9XL,407.000,egFi0biPGDaYhMBn,498.000,hMSv+Gb8thFPP00s,506.000,Zei/66KkS/aufM7i,508.000,ckt2afaVH4Vb7UP/,509.000,o/L+MTIJQ9eq7gmz,863.000,NxEI7tMG5w+LsmIo,877.000,XY5TU4LR5zXXLXY/,978.000,vWRTCpeRdExPnSKr
1,21,2026-04-04T09:58:48.889Z,422.000,10,317.000,+MbPW6GumDNtG9XL,318.000,egFi0biPGDaYhMBn,320.000,IEtPd6GdCtaooxkh,413.000,hMSv+Gb8thFPP00s,419.000,Zei/66KkS/aufM7i,421.000,ckt2afaVH4Vb7UP/,422.000,o/L+MTIJQ9eq7gmz,823.000,NxEI7tMG5w+LsmIo,840.000,XY5TU4LR5zXXLXY/,937.000,vWRTCpeRdExPnSKr
1,22,2026-04-04T09:58:49.311Z,504.000,10,400.000,+MbPW6GumDNtG9XL,403.000,IEtPd6GdCtaooxkh,404.000,egFi0biPGDaYhMBn,498.000,Zei/66KkS/aufM7i,500.000,o/L+MTIJQ9eq7gmz,501.000,hMSv+Gb8thFPP00s,503.000,ckt2afaVH4Vb7UP/,868.000,NxEI7tMG5w+LsmIo,892.000,XY5TU4LR5zXXLXY/,977.000,vWRTCpeRdExPnSKr
1,23,2026-04-04T09:58:49.815Z,423.000,10,318.000,egFi0biPGDaYhMBn,319.000,+MbPW6GumDNtG9XL,324.000,IEtPd6GdCtaooxkh,419.000,hMSv+Gb8thFPP00s,421.000,ckt2afaVH4Vb7UP/,422.000,Zei/66KkS/aufM7i,423.000,o/L+MTIJQ9eq7gmz,836.000,NxEI7tMG5w+LsmIo,849.000,XY5TU4LR5zXXLXY/,928.000,vWRTCpeRdExPnSKr
1,24,2026-04-04T09:58:50.238Z,507.000,10,400.000,+MbPW6GumDNtG9XL,401.000,egFi0biPGDaYhMBn,402.000,IEtPd6GdCtaooxkh,500.000,Zei/66KkS/aufM7i,502.000,hMSv+Gb8thFPP00s,503.000,o/L+MTIJQ9eq7gmz,507.000,ckt2afaVH4Vb7UP/,813.000,vWRTCpeRdExPnSKr,885.000,NxEI7tMG5w+LsmIo,891.000,XY5TU4LR5zXXLXY/
1,25,2026-04-04T09:58:50.745Z,418.000,10,313.000,egFi0biPGDaYhMBn,313.000,+MbPW6GumDNtG9XL,318.000,IEtPd6GdCtaooxkh,411.000,Zei/66KkS/aufM7i,412.000,hMSv+Gb8thFPP00s,414.000,ckt2afaVH4Vb7UP/,418.000,o/L+MTIJQ9eq7gmz,823.000,vWRTCpeRdExPnSKr,854.000,NxEI7tMG5w+LsmIo,858.000,XY5TU4LR5zXXLXY/
1,26,2026-04-04T09:58:51.163Z,507.000,10,400.000,egFi0biPGDaYhMBn,403.000,IEtPd6GdCtaooxkh,403.000,+MbPW6GumDNtG9XL,499.000,ckt2afaVH4Vb7UP/,502.000,Zei/66KkS/aufM7i,504.000,hMSv+Gb8thFPP00s,507.000,o/L+MTIJQ9eq7gmz,885.000,vWRTCpeRdExPnSKr,896.000,NxEI7tMG5w+LsmIo,908.000,XY5TU4LR5zXXLXY/
1,27,2026-04-04T09:58:51.670Z,418.000,10,315.000,IEtPd6GdCtaooxkh,316.000,+MbPW6GumDNtG9XL,319.000,egFi0biPGDaYhMBn,412.000,hMSv+Gb8thFPP00s,413.000,o/L+MTIJQ9eq7gmz,417.000,ckt2afaVH4Vb7UP/,418.000,Zei/66KkS/aufM7i,842.000,vWRTCpeRdExPnSKr,862.000,NxEI7tMG5w+LsmIo,863.000,XY5TU4LR5zXXLXY/
1,28,2026-04-04T09:58:52.088Z,510.000,10,404.000,IEtPd6GdCtaooxkh,405.000,egFi0biPGDaYhMBn,406.000,+MbPW6GumDNtG9XL,502.000,hMSv+Gb8thFPP00s,504.000,o/L+MTIJQ9eq7gmz,507.000,ckt2afaVH4Vb7UP/,510.000,Zei/66KkS/aufM7i,890.000,vWRTCpeRdExPnSKr,906.000,NxEI7tMG5w+LsmIo,908.000,XY5TU4LR5zXXLXY/
1,29,2026-04-04T09:58:52.598Z,420.000,10,315.000,+MbPW6GumDNtG9XL,319.000,IEtPd6GdCtaooxkh,320.000,egFi0biPGDaYhMBn,415.000,o/L+MTIJQ9eq7gmz,416.000,Zei/66KkS/aufM7i,417.000,ckt2afaVH4Vb7UP/,420.000,hMSv+Gb8thFPP00s,856.000,vWRTCpeRdExPnSKr,866.000,NxEI7tMG5w+LsmIo,873.000,XY5TU4LR5zXXLXY/
1,30,2026-04-04T09:58:53.018Z,515.000,10,407.000,egFi0biPGDaYhMBn,410.000,+MbPW6GumDNtG9XL,411.000,IEtPd6GdCtaooxkh,500.000,hMSv+Gb8thFPP00s,505.000,ckt2afaVH4Vb7UP/,506.000,o/L+MTIJQ9eq7gmz,515.000,Zei/66KkS/aufM7i,910.000,vWRTCpeRdExPnSKr,914.000,NxEI7tMG5w+LsmIo,919.000,XY5TU4LR5zXXLXY/
1,31,2026-04-04T09:58:53.533Z,413.000,10,307.000,+MbPW6GumDNtG9XL,308.000,IEtPd6GdCtaooxkh,310.000,egFi0biPGDaYhMBn,408.000,hMSv+Gb8thFPP00s,410.000,Zei/66KkS/aufM7i,412.000,ckt2afaVH4Vb7UP/,413.000,o/L+MTIJQ9eq7gmz,856.000,vWRTCpeRdExPnSKr,866.000,XY5TU4LR5zXXLXY/,867.000,NxEI7tMG5w+LsmIo
1,32,2026-04-04T09:58:53.946Z,513.000,10,410.000,IEtPd6GdCtaooxkh,411.000,+MbPW6GumDNtG9XL,412.000,egFi0biPGDaYhMBn,504.000,hMSv+Gb8thFPP00s,507.000,Zei/66KkS/aufM7i,512.000,ckt2afaVH4Vb7UP/,513.000,o/L+MTIJQ9eq7gmz,908.000,vWRTCpeRdExPnSKr,922.000,NxEI7tMG5w+LsmIo,930.000,XY5TU4LR5zXXLXY/
1,33,2026-04-04T09:58:54.459Z,419.000,7,312.000,+MbPW6GumDNtG9XL,313.000,IEtPd6GdCtaooxkh,315.000,egFi0biPGDaYhMBn,414.000,hMSv+Gb8thFPP00s,415.000,Zei/66KkS/aufM7i,418.000,ckt2afaVH4Vb7UP/,419.000,o/L+MTIJQ9eq7gmz,,,,,,
1,34,2026-04-04T09:58:54.878Z,1048.000,9,772.000,IEtPd6GdCtaooxkh,792.000,+MbPW6GumDNtG9XL,843.000,ckt2afaVH4Vb7UP/,856.000,hMSv+Gb8thFPP00s,894.000,egFi0biPGDaYhMBn,939.000,Zei/66KkS/aufM7i,119947.000,XY5TU4LR5zXXLXY/,120153.000,o/L+MTIJQ9eq7gmz,1553.000,NxEI7tMG5w+LsmIo,,
1,35,2026-04-04T09:58:55.926Z,,0,,,,,,,,,,,,,,,,,,,,
2,1,2026-04-04T09:58:28.479Z,10703.000,7,6304.000,ckt2afaVH4Vb7UP/,7136.000,egFi0biPGDaYhMBn,8001.000,o/L+MTIJQ9eq7gmz,8754.000,Zei/66KkS/aufM7i,10219.000,hMSv+Gb8thFPP00s,10615.000,IEtPd6GdCtaooxkh,10703.000,XY5TU4LR5zXXLXY/,,,,,,
2,2,2026-04-04T09:58:39.182Z,1135.000,8,320.000,IEtPd6GdCtaooxkh,321.000,egFi0biPGDaYhMBn,423.000,ckt2afaVH4Vb7UP/,427.000,o/L+MTIJQ9eq7gmz,527.000,Zei/66KkS/aufM7i,685.000,hMSv+Gb8thFPP00s,1135.000,XY5TU4LR5zXXLXY/,1623.000,vWRTCpeRdExPnSKr,,,,
2,3,2026-04-04T09:58:40.317Z,476.000,9,214.000,ckt2afaVH4Vb7UP/,217.000,o/L+MTIJQ9eq7gmz,219.000,Zei/66KkS/aufM7i,268.000,hMSv+Gb8thFPP00s,367.000,IEtPd6GdCtaooxkh,369.000,egFi0biPGDaYhMBn,476.000,+MbPW6GumDNtG9XL,743.000,XY5TU4LR5zXXLXY/,1085.000,vWRTCpeRdExPnSKr,,
2,4,2026-04-04T09:58:40.793Z,513.000,10,409.000,+MbPW6GumDNtG9XL,410.000,Zei/66KkS/aufM7i,411.000,egFi0biPGDaYhMBn,412.000,IEtPd6GdCtaooxkh,508.000,o/L+MTIJQ9eq7gmz,511.000,hMSv+Gb8thFPP00s,513.000,ckt2afaVH4Vb7UP/,729.000,XY5TU4LR5zXXLXY/,1021.000,vWRTCpeRdExPnSKr,1437.000,NxEI7tMG5w+LsmIo
2,5,2026-04-04T09:58:41.306Z,571.000,9,309.000,+MbPW6GumDNtG9XL,312.000,IEtPd6GdCtaooxkh,409.000,egFi0biPGDaYhMBn,412.000,Zei/66KkS/aufM7i,413.000,hMSv+Gb8thFPP00s,414.000,o/L+MTIJQ9eq7gmz,570.000,ckt2afaVH4Vb7UP/,912.000,XY5TU4LR5zXXLXY/,976.000,vWRTCpeRdExPnSKr,,
2,6,2026-04-04T09:58:41.877Z,419.000,10,309.000,Zei/66KkS/aufM7i,311.000,ckt2afaVH4Vb7UP/,413.000,o/L+MTIJQ9eq7gmz,414.000,hMSv+Gb8thFPP00s,415.000,egFi0biPGDaYhMBn,416.000,+MbPW6GumDNtG9XL,418.000,IEtPd6GdCtaooxkh,812.000,XY5TU4LR5zXXLXY/,1114.000,vWRTCpeRdExPnSKr,1226.000,NxEI7tMG5w+LsmIo
2,7,2026-04-04T09:58:42.296Z,515.000,9,403.000,egFi0biPGDaYhMBn,411.000,IEtPd6GdCtaooxkh,411.000,+MbPW6GumDNtG9XL,506.000,Zei/66KkS/aufM7i,507.000,o/L+MTIJQ9eq7gmz,509.000,hMSv+Gb8thFPP00s,515.000,ckt2afaVH4Vb7UP/,987.000,XY5TU4LR5zXXLXY/,1309.000,vWRTCpeRdExPnSKr,,
2,8,2026-04-04T09:58:42.811Z,499.000,8,394.000,egFi0biPGDaYhMBn,397.000,+MbPW6GumDNtG9XL,398.000,IEtPd6GdCtaooxkh,492.000,o/L+MTIJQ9eq7gmz,496.000,ckt2afaVH4Vb7UP/,497.000,hMSv+Gb8thFPP00s,499.000,Zei/66KkS/aufM7i,970.000,XY5TU4LR5zXXLXY/,,,,
2,9,2026-04-04T09:58:43.310Z,432.000,10,324.000,+MbPW6GumDNtG9XL,325.000,egFi0biPGDaYhMBn,326.000,IEtPd6GdCtaooxkh,423.000,ckt2afaVH4Vb7UP/,427.000,Zei/66KkS/aufM7i,428.000,o/L+MTIJQ9eq7gmz,432.000,hMSv+Gb8thFPP00s,904.000,vWRTCpeRdExPnSKr,944.000,XY5TU4LR5zXXLXY/,1066.000,NxEI7tMG5w+LsmIo
2,10,2026-04-04T09:58:43.742Z,501.000,9,396.000,+MbPW6GumDNtG9XL,396.000,egFi0biPGDaYhMBn,399.000,IEtPd6GdCtaooxkh,488.000,o/L+MTIJQ9eq7gmz,495.000,hMSv+Gb8thFPP00s,500.000,ckt2afaVH4Vb7UP/,501.000,Zei/66KkS/aufM7i,971.000,vWRTCpeRdExPnSKr,977.000,XY5TU4LR5zXXLXY/,,
2,11,2026-04-04T09:58:44.243Z,425.000,10,321.000,+MbPW6GumDNtG9XL,322.000,egFi0biPGDaYhMBn,325.000,IEtPd6GdCtaooxkh,420.000,ckt2afaVH4Vb7UP/,422.000,hMSv+Gb8thFPP00s,423.000,Zei/66KkS/aufM7i,424.000,o/L+MTIJQ9eq7gmz,886.000,vWRTCpeRdExPnSKr,925.000,NxEI7tMG5w+LsmIo,940.000,XY5TU4LR5zXXLXY/
2,12,2026-04-04T09:58:44.668Z,507.000,9,402.000,+MbPW6GumDNtG9XL,403.000,egFi0biPGDaYhMBn,407.000,IEtPd6GdCtaooxkh,495.000,hMSv+Gb8thFPP00s,498.000,Zei/66KkS/aufM7i,506.000,ckt2afaVH4Vb7UP/,507.000,o/L+MTIJQ9eq7gmz,976.000,XY5TU4LR5zXXLXY/,985.000,vWRTCpeRdExPnSKr,,
2,13,2026-04-04T09:58:45.175Z,422.000,10,317.000,IEtPd6GdCtaooxkh,318.000,egFi0biPGDaYhMBn,319.000,+MbPW6GumDNtG9XL,414.000,o/L+MTIJQ9eq7gmz,419.000,Zei/66KkS/aufM7i,420.000,hMSv+Gb8thFPP00s,422.000,ckt2afaVH4Vb7UP/,747.000,NxEI7tMG5w+LsmIo,937.000,vWRTCpeRdExPnSKr,938.000,XY5TU4LR5zXXLXY/
2,14,2026-04-04T09:58:45.597Z,508.000,10,401.000,+MbPW6GumDNtG9XL,401.000,egFi0biPGDaYhMBn,403.000,IEtPd6GdCtaooxkh,495.000,Zei/66KkS/aufM7i,501.000,o/L+MTIJQ9eq7gmz,502.000,hMSv+Gb8thFPP00s,508.000,ckt2afaVH4Vb7UP/,787.000,XY5TU4LR5zXXLXY/,788.000,NxEI7tMG5w+LsmIo,984.000,vWRTCpeRdExPnSKr
2,15,2026-04-04T09:58:46.105Z,422.000,10,317.000,+MbPW6GumDNtG9XL,318.000,IEtPd6GdCtaooxkh,319.000,egFi0biPGDaYhMBn,413.000,Zei/66KkS/aufM7i,418.000,hMSv+Gb8thFPP00s,419.000,o/L+MTIJQ9eq7gmz,421.000,ckt2afaVH4Vb7UP/,757.000,NxEI7tMG5w+LsmIo,758.000,XY5TU4LR5zXXLXY/,852.000,vWRTCpeRdExPnSKr
2,16,2026-04-04T09:58:46.527Z,505.000,10,399.000,IEtPd6GdCtaooxkh,400.000,+MbPW6GumDNtG9XL,401.000,egFi0biPGDaYhMBn,494.000,ckt2afaVH4Vb7UP/,496.000,Zei/66KkS/aufM7i,497.000,o/L+MTIJQ9eq7gmz,505.000,hMSv+Gb8thFPP00s,812.000,XY5TU4LR5zXXLXY/,813.000,NxEI7tMG5w+LsmIo,899.000,vWRTCpeRdExPnSKr
2,17,2026-04-04T09:58:47.032Z,421.000,10,318.000,+MbPW6GumDNtG9XL,318.000,egFi0biPGDaYhMBn,320.000,IEtPd6GdCtaooxkh,417.000,o/L+MTIJQ9eq7gmz,418.000,hMSv+Gb8thFPP00s,420.000,Zei/66KkS/aufM7i,421.000,ckt2afaVH4Vb7UP/,786.000,XY5TU4LR5zXXLXY/,789.000,NxEI7tMG5w+LsmIo,853.000,vWRTCpeRdExPnSKr
2,18,2026-04-04T09:58:47.453Z,508.000,10,401.000,+MbPW6GumDNtG9XL,402.000,egFi0biPGDaYhMBn,404.000,IEtPd6GdCtaooxkh,501.000,Zei/66KkS/aufM7i,503.000,o/L+MTIJQ9eq7gmz,506.000,hMSv+Gb8thFPP00s,508.000,ckt2afaVH4Vb7UP/,837.000,XY5TU4LR5zXXLXY/,841.000,NxEI7tMG5w+LsmIo,897.000,vWRTCpeRdExPnSKr
2,19,2026-04-04T09:58:47.961Z,422.000,10,316.000,+MbPW6GumDNtG9XL,317.000,egFi0biPGDaYhMBn,318.000,IEtPd6GdCtaooxkh,415.000,Zei/66KkS/aufM7i,417.000,o/L+MTIJQ9eq7gmz,421.000,hMSv+Gb8thFPP00s,422.000,ckt2afaVH4Vb7UP/,791.000,XY5TU4LR5zXXLXY/,816.000,NxEI7tMG5w+LsmIo,856.000,vWRTCpeRdExPnSKr
2,20,2026-04-04T09:58:48.383Z,506.000,10,400.000,IEtPd6GdCtaooxkh,402.000,+MbPW6GumDNtG9XL,402.000,egFi0biPGDaYhMBn,502.000,hMSv+Gb8thFPP00s,503.000,ckt2afaVH4Vb7UP/,505.000,o/L+MTIJQ9eq7gmz,506.000,Zei/66KkS/aufM7i,845.000,XY5TU4LR5zXXLXY/,864.000,NxEI7tMG5w+LsmIo,905.000,vWRTCpeRdExPnSKr
2,21,2026-04-04T09:58:48.889Z,423.000,10,316.000,egFi0biPGDaYhMBn,317.000,IEtPd6GdCtaooxkh,319.000,+MbPW6GumDNtG9XL,414.000,hMSv+Gb8thFPP00s,416.000,Zei/66KkS/aufM7i,418.000,ckt2afaVH4Vb7UP/,423.000,o/L+MTIJQ9eq7gmz,801.000,XY5TU4LR5zXXLXY/,827.000,NxEI7tMG5w+LsmIo,868.000,vWRTCpeRdExPnSKr
2,22,2026-04-04T09:58:49.312Z,503.000,10,399.000,egFi0biPGDaYhMBn,400.000,+MbPW6GumDNtG9XL,402.000,IEtPd6GdCtaooxkh,496.000,o/L+MTIJQ9eq7gmz,498.000,hMSv+Gb8thFPP00s,500.000,ckt2afaVH4Vb7UP/,503.000,Zei/66KkS/aufM7i,844.000,XY5TU4LR5zXXLXY/,878.000,NxEI7tMG5w+LsmIo,911.000,vWRTCpeRdExPnSKr
2,23,2026-04-04T09:58:49.815Z,423.000,10,316.000,egFi0biPGDaYhMBn,320.000,+MbPW6GumDNtG9XL,323.000,IEtPd6GdCtaooxkh,417.000,hMSv+Gb8thFPP00s,420.000,ckt2afaVH4Vb7UP/,421.000,o/L+MTIJQ9eq7gmz,422.000,Zei/66KkS/aufM7i,812.000,XY5TU4LR5zXXLXY/,833.000,NxEI7tMG5w+LsmIo,888.000,vWRTCpeRdExPnSKr
2,24,2026-04-04T09:58:50.238Z,504.000,10,398.000,egFi0biPGDaYhMBn,401.000,+MbPW6GumDNtG9XL,402.000,IEtPd6GdCtaooxkh,500.000,ckt2afaVH4Vb7UP/,502.000,Zei/66KkS/aufM7i,503.000,o/L+MTIJQ9eq7gmz,504.000,hMSv+Gb8thFPP00s,864.000,XY5TU4LR5zXXLXY/,878.000,NxEI7tMG5w+LsmIo,930.000,vWRTCpeRdExPnSKr
2,25,2026-04-04T09:58:50.742Z,421.000,10,314.000,egFi0biPGDaYhMBn,317.000,+MbPW6GumDNtG9XL,320.000,IEtPd6GdCtaooxkh,415.000,Zei/66KkS/aufM7i,417.000,o/L+MTIJQ9eq7gmz,418.000,hMSv+Gb8thFPP00s,421.000,ckt2afaVH4Vb7UP/,827.000,XY5TU4LR5zXXLXY/,839.000,NxEI7tMG5w+LsmIo,902.000,vWRTCpeRdExPnSKr
2,26,2026-04-04T09:58:51.163Z,503.000,10,398.000,egFi0biPGDaYhMBn,402.000,IEtPd6GdCtaooxkh,404.000,+MbPW6GumDNtG9XL,498.000,ckt2afaVH4Vb7UP/,500.000,Zei/66KkS/aufM7i,502.000,hMSv+Gb8thFPP00s,503.000,o/L+MTIJQ9eq7gmz,877.000,XY5TU4LR5zXXLXY/,890.000,NxEI7tMG5w+LsmIo,951.000,vWRTCpeRdExPnSKr
2,27,2026-04-04T09:58:51.666Z,425.000,10,318.000,IEtPd6GdCtaooxkh,321.000,+MbPW6GumDNtG9XL,321.000,egFi0biPGDaYhMBn,418.000,o/L+MTIJQ9eq7gmz,422.000,hMSv+Gb8thFPP00s,423.000,Zei/66KkS/aufM7i,424.000,ckt2afaVH4Vb7UP/,846.000,XY5TU4LR5zXXLXY/,853.000,NxEI7tMG5w+LsmIo,918.000,vWRTCpeRdExPnSKr
2,28,2026-04-04T09:58:52.091Z,503.000,10,399.000,egFi0biPGDaYhMBn,401.000,IEtPd6GdCtaooxkh,404.000,+MbPW6GumDNtG9XL,495.000,hMSv+Gb8thFPP00s,501.000,o/L+MTIJQ9eq7gmz,502.000,ckt2afaVH4Vb7UP/,503.000,Zei/66KkS/aufM7i,899.000,NxEI7tMG5w+LsmIo,930.000,XY5TU4LR5zXXLXY/,955.000,vWRTCpeRdExPnSKr
2,29,2026-04-04T09:58:52.594Z,424.000,10,320.000,+MbPW6GumDNtG9XL,322.000,IEtPd6GdCtaooxkh,322.000,egFi0biPGDaYhMBn,416.000,o/L+MTIJQ9eq7gmz,420.000,Zei/66KkS/aufM7i,422.000,ckt2afaVH4Vb7UP/,424.000,hMSv+Gb8thFPP00s,861.000,NxEI7tMG5w+LsmIo,891.000,XY5TU4LR5zXXLXY/,926.000,vWRTCpeRdExPnSKr
2,30,2026-04-04T09:58:53.018Z,507.000,10,405.000,egFi0biPGDaYhMBn,411.000,IEtPd6GdCtaooxkh,412.000,+MbPW6GumDNtG9XL,496.000,o/L+MTIJQ9eq7gmz,497.000,hMSv+Gb8thFPP00s,503.000,ckt2afaVH4Vb7UP/,507.000,Zei/66KkS/aufM7i,902.000,NxEI7tMG5w+LsmIo,946.000,XY5TU4LR5zXXLXY/,974.000,vWRTCpeRdExPnSKr
2,31,2026-04-04T09:58:53.525Z,422.000,10,316.000,IEtPd6GdCtaooxkh,316.000,egFi0biPGDaYhMBn,318.000,+MbPW6GumDNtG9XL,417.000,hMSv+Gb8thFPP00s,419.000,Zei/66KkS/aufM7i,420.000,ckt2afaVH4Vb7UP/,421.000,o/L+MTIJQ9eq7gmz,857.000,NxEI7tMG5w+LsmIo,917.000,XY5TU4LR5zXXLXY/,947.000,vWRTCpeRdExPnSKr
2,32,2026-04-04T09:58:53.947Z,511.000,10,408.000,IEtPd6GdCtaooxkh,409.000,egFi0biPGDaYhMBn,410.000,+MbPW6GumDNtG9XL,505.000,o/L+MTIJQ9eq7gmz,507.000,hMSv+Gb8thFPP00s,508.000,Zei/66KkS/aufM7i,511.000,ckt2afaVH4Vb7UP/,901.000,NxEI7tMG5w+LsmIo,960.000,XY5TU4LR5zXXLXY/,999.000,vWRTCpeRdExPnSKr
2,33,2026-04-04T09:58:54.458Z,420.000,7,312.000,egFi0biPGDaYhMBn,314.000,IEtPd6GdCtaooxkh,315.000,+MbPW6GumDNtG9XL,410.000,hMSv+Gb8thFPP00s,415.000,o/L+MTIJQ9eq7gmz,417.000,Zei/66KkS/aufM7i,420.000,ckt2afaVH4Vb7UP/,,,,,,
2,34,2026-04-04T09:58:54.878Z,1009.000,9,772.000,IEtPd6GdCtaooxkh,793.000,+MbPW6GumDNtG9XL,881.000,egFi0biPGDaYhMBn,931.000,ckt2afaVH4Vb7UP/,938.000,Zei/66KkS/aufM7i,947.000,hMSv+Gb8thFPP00s,1009.000,XY5TU4LR5zXXLXY/,120141.000,o/L+MTIJQ9eq7gmz,2474.000,NxEI7tMG5w+LsmIo,,
2,35,2026-04-04T09:58:55.887Z,,0,,,,,,,,,,,,,,,,,,,,
3,1,2026-04-04T09:58:30.014Z,9131.000,7,4719.000,ckt2afaVH4Vb7UP/,5656.000,egFi0biPGDaYhMBn,6413.000,o/L+MTIJQ9eq7gmz,7167.000,Zei/66KkS/aufM7i,8635.000,hMSv+Gb8thFPP00s,9127.000,XY5TU4LR5zXXLXY/,9130.000,IEtPd6GdCtaooxkh,,,,,,
3,2,2026-04-04T09:58:39.145Z,1031.000,8,395.000,ckt2afaVH4Vb7UP/,396.000,o/L+MTIJQ9eq7gmz,496.000,IEtPd6GdCtaooxkh,500.000,egFi0biPGDaYhMBn,515.000,Zei/66KkS/aufM7i,673.000,hMSv+Gb8thFPP00s,1031.000,XY5TU4LR5zXXLXY/,1564.000,vWRTCpeRdExPnSKr,,,,
3,3,2026-04-04T09:58:40.176Z,667.000,9,305.000,ckt2afaVH4Vb7UP/,306.000,o/L+MTIJQ9eq7gmz,310.000,Zei/66KkS/aufM7i,357.000,hMSv+Gb8thFPP00s,561.000,IEtPd6GdCtaooxkh,564.000,egFi0biPGDaYhMBn,667.000,XY5TU4LR5zXXLXY/,668.000,+MbPW6GumDNtG9XL,1144.000,vWRTCpeRdExPnSKr,,
3,4,2026-04-04T09:58:40.843Z,415.000,10,307.000,Zei/66KkS/aufM7i,309.000,o/L+MTIJQ9eq7gmz,311.000,hMSv+Gb8thFPP00s,410.000,ckt2afaVH4Vb7UP/,413.000,+MbPW6GumDNtG9XL,414.000,IEtPd6GdCtaooxkh,415.000,egFi0biPGDaYhMBn,627.000,XY5TU4LR5zXXLXY/,932.000,vWRTCpeRdExPnSKr,1293.000,NxEI7tMG5w+LsmIo
3,5,2026-04-04T09:58:41.258Z,569.000,9,407.000,Zei/66KkS/aufM7i,408.000,hMSv+Gb8thFPP00s,409.000,o/L+MTIJQ9eq7gmz,507.000,+MbPW6GumDNtG9XL,509.000,IEtPd6GdCtaooxkh,510.000,egFi0biPGDaYhMBn,569.000,ckt2afaVH4Vb7UP/,880.000,XY5TU4LR5zXXLXY/,1037.000,vWRTCpeRdExPnSKr,,
3,6,2026-04-04T09:58:41.827Z,520.000,10,307.000,Zei/66KkS/aufM7i,312.000,ckt2afaVH4Vb7UP/,410.000,o/L+MTIJQ9eq7gmz,414.000,hMSv+Gb8thFPP00s,516.000,+MbPW6GumDNtG9XL,518.000,egFi0biPGDaYhMBn,520.000,IEtPd6GdCtaooxkh,775.000,XY5TU4LR5zXXLXY/,1081.000,vWRTCpeRdExPnSKr,1193.000,NxEI7tMG5w+LsmIo
3,7,2026-04-04T09:58:42.347Z,501.000,9,395.000,o/L+MTIJQ9eq7gmz,400.000,Zei/66KkS/aufM7i,405.000,hMSv+Gb8thFPP00s,410.000,IEtPd6GdCtaooxkh,412.000,egFi0biPGDaYhMBn,413.000,ckt2afaVH4Vb7UP/,501.000,+MbPW6GumDNtG9XL,979.000,XY5TU4LR5zXXLXY/,1216.000,vWRTCpeRdExPnSKr,,
3,8,2026-04-04T09:58:42.848Z,429.000,8,323.000,Zei/66KkS/aufM7i,324.000,o/L+MTIJQ9eq7gmz,326.000,ckt2afaVH4Vb7UP/,327.000,hMSv+Gb8thFPP00s,424.000,IEtPd6GdCtaooxkh,425.000,egFi0biPGDaYhMBn,429.000,+MbPW6GumDNtG9XL,696.000,XY5TU4LR5zXXLXY/,,,,
3,9,2026-04-04T09:58:43.277Z,498.000,10,393.000,o/L+MTIJQ9eq7gmz,397.000,ckt2afaVH4Vb7UP/,399.000,Zei/66KkS/aufM7i,400.000,hMSv+Gb8thFPP00s,489.000,egFi0biPGDaYhMBn,495.000,IEtPd6GdCtaooxkh,498.000,+MbPW6GumDNtG9XL,734.000,XY5TU4LR5zXXLXY/,896.000,vWRTCpeRdExPnSKr,1091.000,NxEI7tMG5w+LsmIo
3,10,2026-04-04T09:58:43.775Z,434.000,9,325.000,hMSv+Gb8thFPP00s,327.000,Zei/66KkS/aufM7i,328.000,o/L+MTIJQ9eq7gmz,329.000,ckt2afaVH4Vb7UP/,426.000,+MbPW6GumDNtG9XL,427.000,IEtPd6GdCtaooxkh,434.000,egFi0biPGDaYhMBn,702.000,XY5TU4LR5zXXLXY/,834.000,vWRTCpeRdExPnSKr,,
3,11,2026-04-04T09:58:44.209Z,503.000,10,391.000,Zei/66KkS/aufM7i,392.000,hMSv+Gb8thFPP00s,394.000,ckt2afaVH4Vb7UP/,397.000,o/L+MTIJQ9eq7gmz,488.000,+MbPW6GumDNtG9XL,499.000,egFi0biPGDaYhMBn,503.000,IEtPd6GdCtaooxkh,735.000,XY5TU4LR5zXXLXY/,797.000,vWRTCpeRdExPnSKr,912.000,NxEI7tMG5w+LsmIo
3,12,2026-04-04T09:58:44.712Z,416.000,9,312.000,o/L+MTIJQ9eq7gmz,316.000,hMSv+Gb8thFPP00s,318.000,ckt2afaVH4Vb7UP/,320.000,Zei/66KkS/aufM7i,413.000,egFi0biPGDaYhMBn,414.000,+MbPW6GumDNtG9XL,416.000,IEtPd6GdCtaooxkh,702.000,XY5TU4LR5zXXLXY/,726.000,vWRTCpeRdExPnSKr,,
3,13,2026-04-04T09:58:45.128Z,514.000,10,407.000,Zei/66KkS/aufM7i,407.000,o/L+MTIJQ9eq7gmz,409.000,ckt2afaVH4Vb7UP/,412.000,hMSv+Gb8thFPP00s,506.000,+MbPW6GumDNtG9XL,508.000,egFi0biPGDaYhMBn,514.000,IEtPd6GdCtaooxkh,745.000,XY5TU4LR5zXXLXY/,773.000,vWRTCpeRdExPnSKr,791.000,NxEI7tMG5w+LsmIo
3,14,2026-04-04T09:58:45.642Z,419.000,10,313.000,Zei/66KkS/aufM7i,314.000,o/L+MTIJQ9eq7gmz,316.000,hMSv+Gb8thFPP00s,319.000,ckt2afaVH4Vb7UP/,412.000,egFi0biPGDaYhMBn,415.000,+MbPW6GumDNtG9XL,419.000,IEtPd6GdCtaooxkh,692.000,NxEI7tMG5w+LsmIo,698.000,XY5TU4LR5zXXLXY/,724.000,vWRTCpeRdExPnSKr
3,15,2026-04-04T09:58:46.061Z,503.000,10,400.000,o/L+MTIJQ9eq7gmz,401.000,hMSv+Gb8thFPP00s,403.000,Zei/66KkS/aufM7i,404.000,ckt2afaVH4Vb7UP/,495.000,+MbPW6GumDNtG9XL,501.000,IEtPd6GdCtaooxkh,502.000,egFi0biPGDaYhMBn,725.000,NxEI7tMG5w+LsmIo,747.000,XY5TU4LR5zXXLXY/,777.000,vWRTCpeRdExPnSKr
3,16,2026-04-04T09:58:46.564Z,426.000,10,319.000,o/L+MTIJQ9eq7gmz,321.000,Zei/66KkS/aufM7i,324.000,ckt2afaVH4Vb7UP/,326.000,hMSv+Gb8thFPP00s,419.000,IEtPd6GdCtaooxkh,421.000,+MbPW6GumDNtG9XL,425.000,egFi0biPGDaYhMBn,694.000,NxEI7tMG5w+LsmIo,712.000,XY5TU4LR5zXXLXY/,734.000,vWRTCpeRdExPnSKr
3,17,2026-04-04T09:58:46.990Z,503.000,10,397.000,Zei/66KkS/aufM7i,398.000,o/L+MTIJQ9eq7gmz,400.000,ckt2afaVH4Vb7UP/,403.000,hMSv+Gb8thFPP00s,497.000,+MbPW6GumDNtG9XL,499.000,IEtPd6GdCtaooxkh,503.000,egFi0biPGDaYhMBn,742.000,NxEI7tMG5w+LsmIo,758.000,XY5TU4LR5zXXLXY/,777.000,vWRTCpeRdExPnSKr
3,18,2026-04-04T09:58:47.493Z,425.000,10,318.000,hMSv+Gb8thFPP00s,318.000,o/L+MTIJQ9eq7gmz,321.000,Zei/66KkS/aufM7i,323.000,ckt2afaVH4Vb7UP/,418.000,+MbPW6GumDNtG9XL,421.000,egFi0biPGDaYhMBn,425.000,IEtPd6GdCtaooxkh,704.000,NxEI7tMG5w+LsmIo,716.000,XY5TU4LR5zXXLXY/,769.000,vWRTCpeRdExPnSKr
3,19,2026-04-04T09:58:47.918Z,506.000,10,400.000,hMSv+Gb8thFPP00s,401.000,o/L+MTIJQ9eq7gmz,403.000,ckt2afaVH4Vb7UP/,405.000,Zei/66KkS/aufM7i,501.000,+MbPW6GumDNtG9XL,504.000,IEtPd6GdCtaooxkh,505.000,egFi0biPGDaYhMBn,748.000,NxEI7tMG5w+LsmIo,758.000,XY5TU4LR5zXXLXY/,802.000,vWRTCpeRdExPnSKr
3,20,2026-04-04T09:58:48.424Z,423.000,10,316.000,hMSv+Gb8thFPP00s,318.000,Zei/66KkS/aufM7i,318.000,o/L+MTIJQ9eq7gmz,320.000,ckt2afaVH4Vb7UP/,413.000,+MbPW6GumDNtG9XL,415.000,IEtPd6GdCtaooxkh,423.000,egFi0biPGDaYhMBn,705.000,NxEI7tMG5w+LsmIo,718.000,XY5TU4LR5zXXLXY/,757.000,vWRTCpeRdExPnSKr
3,21,2026-04-04T09:58:48.847Z,503.000,10,400.000,o/L+MTIJQ9eq7gmz,402.000,ckt2afaVH4Vb7UP/,403.000,Zei/66KkS/aufM7i,404.000,hMSv+Gb8thFPP00s,495.000,IEtPd6GdCtaooxkh,501.000,+MbPW6GumDNtG9XL,503.000,egFi0biPGDaYhMBn,751.000,NxEI7tMG5w+LsmIo,762.000,XY5TU4LR5zXXLXY/,792.000,vWRTCpeRdExPnSKr
3,22,2026-04-04T09:58:49.350Z,425.000,10,320.000,ckt2afaVH4Vb7UP/,322.000,Zei/66KkS/aufM7i,323.000,hMSv+Gb8thFPP00s,324.000,o/L+MTIJQ9eq7gmz,421.000,+MbPW6GumDNtG9XL,423.000,IEtPd6GdCtaooxkh,425.000,egFi0biPGDaYhMBn,708.000,NxEI7tMG5w+LsmIo,721.000,XY5TU4LR5zXXLXY/,748.000,vWRTCpeRdExPnSKr
3,23,2026-04-04T09:58:49.775Z,502.000,10,399.000,o/L+MTIJQ9eq7gmz,400.000,Zei/66KkS/aufM7i,402.000,hMSv+Gb8thFPP00s,403.000,ckt2afaVH4Vb7UP/,499.000,+MbPW6GumDNtG9XL,501.000,egFi0biPGDaYhMBn,502.000,IEtPd6GdCtaooxkh,752.000,NxEI7tMG5w+LsmIo,759.000,XY5TU4LR5zXXLXY/,794.000,vWRTCpeRdExPnSKr
3,24,2026-04-04T09:58:50.277Z,424.000,10,318.000,o/L+MTIJQ9eq7gmz,320.000,Zei/66KkS/aufM7i,322.000,hMSv+Gb8thFPP00s,323.000,ckt2afaVH4Vb7UP/,414.000,egFi0biPGDaYhMBn,420.000,+MbPW6GumDNtG9XL,424.000,IEtPd6GdCtaooxkh,716.000,NxEI7tMG5w+LsmIo,724.000,XY5TU4LR5zXXLXY/,757.000,vWRTCpeRdExPnSKr
3,25,2026-04-04T09:58:50.701Z,506.000,10,399.000,ckt2afaVH4Vb7UP/,399.000,o/L+MTIJQ9eq7gmz,401.000,hMSv+Gb8thFPP00s,403.000,Zei/66KkS/aufM7i,499.000,IEtPd6GdCtaooxkh,501.000,egFi0biPGDaYhMBn,506.000,+MbPW6GumDNtG9XL,758.000,NxEI7tMG5w+LsmIo,770.000,XY5TU4LR5zXXLXY/,776.000,vWRTCpeRdExPnSKr
3,26,2026-04-04T09:58:51.207Z,418.000,10,313.000,o/L+MTIJQ9eq7gmz,317.000,ckt2afaVH4Vb7UP/,318.000,Zei/66KkS/aufM7i,320.000,hMSv+Gb8thFPP00s,410.000,+MbPW6GumDNtG9XL,416.000,IEtPd6GdCtaooxkh,418.000,egFi0biPGDaYhMBn,722.000,NxEI7tMG5w+LsmIo,732.000,XY5TU4LR5zXXLXY/,736.000,vWRTCpeRdExPnSKr
3,27,2026-04-04T09:58:51.625Z,507.000,10,402.000,hMSv+Gb8thFPP00s,403.000,o/L+MTIJQ9eq7gmz,405.000,Zei/66KkS/aufM7i,408.000,ckt2afaVH4Vb7UP/,500.000,egFi0biPGDaYhMBn,505.000,+MbPW6GumDNtG9XL,506.000,IEtPd6GdCtaooxkh,769.000,NxEI7tMG5w+LsmIo,776.000,XY5TU4LR5zXXLXY/,789.000,vWRTCpeRdExPnSKr
3,28,2026-04-04T09:58:52.132Z,419.000,10,315.000,o/L+MTIJQ9eq7gmz,319.000,Zei/66KkS/aufM7i,321.000,ckt2afaVH4Vb7UP/,322.000,hMSv+Gb8thFPP00s,416.000,+MbPW6GumDNtG9XL,418.000,IEtPd6GdCtaooxkh,419.000,egFi0biPGDaYhMBn,731.000,NxEI7tMG5w+LsmIo,733.000,XY5TU4LR5zXXLXY/,757.000,vWRTCpeRdExPnSKr
3,29,2026-04-04T09:58:52.551Z,508.000,10,404.000,Zei/66KkS/aufM7i,405.000,o/L+MTIJQ9eq7gmz,406.000,hMSv+Gb8thFPP00s,407.000,ckt2afaVH4Vb7UP/,502.000,egFi0biPGDaYhMBn,507.000,+MbPW6GumDNtG9XL,508.000,IEtPd6GdCtaooxkh,781.000,XY5TU4LR5zXXLXY/,783.000,NxEI7tMG5w+LsmIo,802.000,vWRTCpeRdExPnSKr
3,30,2026-04-04T09:58:53.059Z,427.000,10,319.000,ckt2afaVH4Vb7UP/,321.000,Zei/66KkS/aufM7i,321.000,o/L+MTIJQ9eq7gmz,323.000,hMSv+Gb8thFPP00s,420.000,egFi0biPGDaYhMBn,422.000,+MbPW6GumDNtG9XL,427.000,IEtPd6GdCtaooxkh,740.000,NxEI7tMG5w+LsmIo,744.000,XY5TU4LR5zXXLXY/,767.000,vWRTCpeRdExPnSKr
3,31,2026-04-04T09:58:53.486Z,509.000,10,402.000,hMSv+Gb8thFPP00s,404.000,o/L+MTIJQ9eq7gmz,406.000,Zei/66KkS/aufM7i,408.000,ckt2afaVH4Vb7UP/,501.000,egFi0biPGDaYhMBn,506.000,+MbPW6GumDNtG9XL,508.000,IEtPd6GdCtaooxkh,780.000,XY5TU4LR5zXXLXY/,781.000,NxEI7tMG5w+LsmIo,807.000,vWRTCpeRdExPnSKr
3,32,2026-04-04T09:58:53.995Z,415.000,10,307.000,o/L+MTIJQ9eq7gmz,313.000,ckt2afaVH4Vb7UP/,315.000,hMSv+Gb8thFPP00s,317.000,Zei/66KkS/aufM7i,413.000,egFi0biPGDaYhMBn,414.000,IEtPd6GdCtaooxkh,415.000,+MbPW6GumDNtG9XL,732.000,XY5TU4LR5zXXLXY/,740.000,NxEI7tMG5w+LsmIo,769.000,vWRTCpeRdExPnSKr
3,33,2026-04-04T09:58:54.410Z,512.000,7,408.000,o/L+MTIJQ9eq7gmz,411.000,hMSv+Gb8thFPP00s,413.000,Zei/66KkS/aufM7i,416.000,ckt2afaVH4Vb7UP/,504.000,egFi0biPGDaYhMBn,508.000,+MbPW6GumDNtG9XL,512.000,IEtPd6GdCtaooxkh,,,,,,
3,34,2026-04-04T09:58:54.922Z,923.000,9,740.000,ckt2afaVH4Vb7UP/,745.000,Zei/66KkS/aufM7i,750.000,hMSv+Gb8thFPP00s,781.000,IEtPd6GdCtaooxkh,884.000,o/L+MTIJQ9eq7gmz,899.000,+MbPW6GumDNtG9XL,923.000,XY5TU4LR5zXXLXY/,929.000,egFi0biPGDaYhMBn,1265.000,NxEI7tMG5w+LsmIo,,
3,35,2026-04-04T09:58:55.845Z,,0,,,,,,,,,,,,,,,,,,,,
4,1,2026-04-04T09:58:31.521Z,7624.000,7,3210.000,ckt2afaVH4Vb7UP/,4146.000,egFi0biPGDaYhMBn,4907.000,o/L+MTIJQ9eq7gmz,5660.000,Zei/66KkS/aufM7i,7127.000,hMSv+Gb8thFPP00s,7619.000,XY5TU4LR5zXXLXY/,7624.000,IEtPd6GdCtaooxkh,,,,,,
4,2,2026-04-04T09:58:39.145Z,1028.000,8,394.000,ckt2afaVH4Vb7UP/,398.000,o/L+MTIJQ9eq7gmz,495.000,IEtPd6GdCtaooxkh,497.000,egFi0biPGDaYhMBn,515.000,Zei/66KkS/aufM7i,673.000,hMSv+Gb8thFPP00s,1028.000,XY5TU4LR5zXXLXY/,1616.000,vWRTCpeRdExPnSKr,,,,
4,3,2026-04-04T09:58:40.173Z,673.000,9,307.000,ckt2afaVH4Vb7UP/,311.000,o/L+MTIJQ9eq7gmz,313.000,Zei/66KkS/aufM7i,360.000,hMSv+Gb8thFPP00s,565.000,IEtPd6GdCtaooxkh,566.000,egFi0biPGDaYhMBn,673.000,+MbPW6GumDNtG9XL,675.000,XY5TU4LR5zXXLXY/,1134.000,vWRTCpeRdExPnSKr,,
4,4,2026-04-04T09:58:40.846Z,511.000,10,304.000,Zei/66KkS/aufM7i,308.000,hMSv+Gb8thFPP00s,309.000,o/L+MTIJQ9eq7gmz,406.000,ckt2afaVH4Vb7UP/,409.000,egFi0biPGDaYhMBn,411.000,IEtPd6GdCtaooxkh,511.000,+MbPW6GumDNtG9XL,513.000,XY5TU4LR5zXXLXY/,981.000,vWRTCpeRdExPnSKr,1180.000,NxEI7tMG5w+LsmIo
4,5,2026-04-04T09:58:41.357Z,468.000,9,308.000,Zei/66KkS/aufM7i,309.000,hMSv+Gb8thFPP00s,311.000,+MbPW6GumDNtG9XL,312.000,o/L+MTIJQ9eq7gmz,313.000,IEtPd6GdCtaooxkh,468.000,egFi0biPGDaYhMBn,468.000,ckt2afaVH4Vb7UP/,779.000,XY5TU4LR5zXXLXY/,947.000,vWRTCpeRdExPnSKr,,
4,6,2026-04-04T09:58:41.825Z,524.000,10,309.000,Zei/66KkS/aufM7i,311.000,ckt2afaVH4Vb7UP/,414.000,o/L+MTIJQ9eq7gmz,416.000,hMSv+Gb8thFPP00s,519.000,+MbPW6GumDNtG9XL,521.000,egFi0biPGDaYhMBn,524.000,IEtPd6GdCtaooxkh,780.000,XY5TU4LR5zXXLXY/,1079.000,vWRTCpeRdExPnSKr,1197.000,NxEI7tMG5w+LsmIo
4,7,2026-04-04T09:58:42.349Z,497.000,9,395.000,o/L+MTIJQ9eq7gmz,398.000,Zei/66KkS/aufM7i,403.000,hMSv+Gb8thFPP00s,404.000,egFi0biPGDaYhMBn,409.000,ckt2afaVH4Vb7UP/,413.000,IEtPd6GdCtaooxkh,497.000,+MbPW6GumDNtG9XL,978.000,XY5TU4LR5zXXLXY/,1213.000,vWRTCpeRdExPnSKr,,
4,8,2026-04-04T09:58:42.846Z,428.000,8,325.000,Zei/66KkS/aufM7i,326.000,ckt2afaVH4Vb7UP/,327.000,o/L+MTIJQ9eq7gmz,329.000,hMSv+Gb8thFPP00s,424.000,egFi0biPGDaYhMBn,426.000,+MbPW6GumDNtG9XL,428.000,IEtPd6GdCtaooxkh,695.000,XY5TU4LR5zXXLXY/,,,,
4,9,2026-04-04T09:58:43.274Z,505.000,10,398.000,o/L+MTIJQ9eq7gmz,399.000,ckt2afaVH4Vb7UP/,402.000,Zei/66KkS/aufM7i,403.000,hMSv+Gb8thFPP00s,493.000,egFi0biPGDaYhMBn,498.000,IEtPd6GdCtaooxkh,505.000,+MbPW6GumDNtG9XL,733.000,XY5TU4LR5zXXLXY/,899.000,vWRTCpeRdExPnSKr,1057.000,NxEI7tMG5w+LsmIo
4,10,2026-04-04T09:58:43.779Z,427.000,9,321.000,hMSv+Gb8thFPP00s,321.000,ckt2afaVH4Vb7UP/,323.000,Zei/66KkS/aufM7i,325.000,o/L+MTIJQ9eq7gmz,419.000,+MbPW6GumDNtG9XL,423.000,IEtPd6GdCtaooxkh,427.000,egFi0biPGDaYhMBn,696.000,XY5TU4LR5zXXLXY/,830.000,vWRTCpeRdExPnSKr,,
4,11,2026-04-04T09:58:44.206Z,502.000,10,395.000,Zei/66KkS/aufM7i,396.000,ckt2afaVH4Vb7UP/,397.000,hMSv+Gb8thFPP00s,402.000,o/L+MTIJQ9eq7gmz,494.000,+MbPW6GumDNtG9XL,498.000,IEtPd6GdCtaooxkh,502.000,egFi0biPGDaYhMBn,736.000,XY5TU4LR5zXXLXY/,800.000,vWRTCpeRdExPnSKr,916.000,NxEI7tMG5w+LsmIo
4,12,2026-04-04T09:58:44.708Z,426.000,9,317.000,o/L+MTIJQ9eq7gmz,320.000,hMSv+Gb8thFPP00s,321.000,ckt2afaVH4Vb7UP/,324.000,Zei/66KkS/aufM7i,417.000,+MbPW6GumDNtG9XL,425.000,egFi0biPGDaYhMBn,426.000,IEtPd6GdCtaooxkh,697.000,XY5TU4LR5zXXLXY/,734.000,vWRTCpeRdExPnSKr,,
4,13,2026-04-04T09:58:45.134Z,505.000,10,401.000,Zei/66KkS/aufM7i,402.000,ckt2afaVH4Vb7UP/,403.000,o/L+MTIJQ9eq7gmz,406.000,hMSv+Gb8thFPP00s,498.000,+MbPW6GumDNtG9XL,499.000,egFi0biPGDaYhMBn,505.000,IEtPd6GdCtaooxkh,735.000,XY5TU4LR5zXXLXY/,777.000,vWRTCpeRdExPnSKr,799.000,NxEI7tMG5w+LsmIo
4,14,2026-04-04T09:58:45.639Z,423.000,10,316.000,Zei/66KkS/aufM7i,318.000,o/L+MTIJQ9eq7gmz,320.000,hMSv+Gb8thFPP00s,320.000,ckt2afaVH4Vb7UP/,420.000,egFi0biPGDaYhMBn,422.000,+MbPW6GumDNtG9XL,423.000,IEtPd6GdCtaooxkh,690.000,NxEI7tMG5w+LsmIo,703.000,XY5TU4LR5zXXLXY/,732.000,vWRTCpeRdExPnSKr
4,15,2026-04-04T09:58:46.062Z,500.000,10,399.000,ckt2afaVH4Vb7UP/,400.000,hMSv+Gb8thFPP00s,400.000,Zei/66KkS/aufM7i,401.000,o/L+MTIJQ9eq7gmz,495.000,+MbPW6GumDNtG9XL,499.000,IEtPd6GdCtaooxkh,500.000,egFi0biPGDaYhMBn,729.000,NxEI7tMG5w+LsmIo,751.000,XY5TU4LR5zXXLXY/,780.000,vWRTCpeRdExPnSKr
4,16,2026-04-04T09:58:46.562Z,430.000,10,323.000,o/L+MTIJQ9eq7gmz,324.000,Zei/66KkS/aufM7i,325.000,ckt2afaVH4Vb7UP/,326.000,hMSv+Gb8thFPP00s,421.000,+MbPW6GumDNtG9XL,427.000,egFi0biPGDaYhMBn,430.000,IEtPd6GdCtaooxkh,699.000,NxEI7tMG5w+LsmIo,713.000,XY5TU4LR5zXXLXY/,737.000,vWRTCpeRdExPnSKr
4,17,2026-04-04T09:58:46.992Z,504.000,10,395.000,Zei/66KkS/aufM7i,397.000,ckt2afaVH4Vb7UP/,398.000,o/L+MTIJQ9eq7gmz,401.000,hMSv+Gb8thFPP00s,496.000,+MbPW6GumDNtG9XL,497.000,IEtPd6GdCtaooxkh,504.000,egFi0biPGDaYhMBn,736.000,NxEI7tMG5w+LsmIo,751.000,XY5TU4LR5zXXLXY/,773.000,vWRTCpeRdExPnSKr
4,18,2026-04-04T09:58:47.496Z,422.000,10,315.000,hMSv+Gb8thFPP00s,317.000,o/L+MTIJQ9eq7gmz,318.000,Zei/66KkS/aufM7i,319.000,ckt2afaVH4Vb7UP/,416.000,IEtPd6GdCtaooxkh,418.000,+MbPW6GumDNtG9XL,421.000,egFi0biPGDaYhMBn,702.000,NxEI7tMG5w+LsmIo,713.000,XY5TU4LR5zXXLXY/,764.000,vWRTCpeRdExPnSKr
4,19,2026-04-04T09:58:47.918Z,508.000,10,400.000,hMSv+Gb8thFPP00s,401.000,ckt2afaVH4Vb7UP/,403.000,o/L+MTIJQ9eq7gmz,405.000,Zei/66KkS/aufM7i,499.000,+MbPW6GumDNtG9XL,504.000,IEtPd6GdCtaooxkh,508.000,egFi0biPGDaYhMBn,744.000,NxEI7tMG5w+LsmIo,760.000,XY5TU4LR5zXXLXY/,801.000,vWRTCpeRdExPnSKr
4,20,2026-04-04T09:58:48.426Z,420.000,10,314.000,hMSv+Gb8thFPP00s,316.000,Zei/66KkS/aufM7i,317.000,ckt2afaVH4Vb7UP/,318.000,o/L+MTIJQ9eq7gmz,416.000,IEtPd6GdCtaooxkh,419.000,+MbPW6GumDNtG9XL,420.000,egFi0biPGDaYhMBn,706.000,NxEI7tMG5w+LsmIo,711.000,XY5TU4LR5zXXLXY/,760.000,vWRTCpeRdExPnSKr
4,21,2026-04-04T09:58:48.846Z,505.000,10,401.000,ckt2afaVH4Vb7UP/,403.000,o/L+MTIJQ9eq7gmz,404.000,Zei/66KkS/aufM7i,405.000,hMSv+Gb8thFPP00s,500.000,+MbPW6GumDNtG9XL,501.000,IEtPd6GdCtaooxkh,505.000,egFi0biPGDaYhMBn,751.000,NxEI7tMG5w+LsmIo,762.000,XY5TU4LR5zXXLXY/,793.000,vWRTCpeRdExPnSKr
4,22,2026-04-04T09:58:49.351Z,423.000,10,317.000,ckt2afaVH4Vb7UP/,321.000,Zei/66KkS/aufM7i,322.000,hMSv+Gb8thFPP00s,324.000,o/L+MTIJQ9eq7gmz,417.000,IEtPd6GdCtaooxkh,422.000,+MbPW6GumDNtG9XL,423.000,egFi0biPGDaYhMBn,708.000,NxEI7tMG5w+LsmIo,717.000,XY5TU4LR5zXXLXY/,744.000,vWRTCpeRdExPnSKr
4,23,2026-04-04T09:58:49.774Z,505.000,10,401.000,Zei/66KkS/aufM7i,401.000,ckt2afaVH4Vb7UP/,403.000,o/L+MTIJQ9eq7gmz,404.000,hMSv+Gb8thFPP00s,503.000,IEtPd6GdCtaooxkh,504.000,+MbPW6GumDNtG9XL,505.000,egFi0biPGDaYhMBn,754.000,NxEI7tMG5w+LsmIo,761.000,XY5TU4LR5zXXLXY/,793.000,vWRTCpeRdExPnSKr
4,24,2026-04-04T09:58:50.279Z,421.000,10,318.000,o/L+MTIJQ9eq7gmz,319.000,Zei/66KkS/aufM7i,320.000,ckt2afaVH4Vb7UP/,321.000,hMSv+Gb8thFPP00s,417.000,egFi0biPGDaYhMBn,419.000,+MbPW6GumDNtG9XL,421.000,IEtPd6GdCtaooxkh,712.000,NxEI7tMG5w+LsmIo,727.000,XY5TU4LR5zXXLXY/,735.000,vWRTCpeRdExPnSKr
4,25,2026-04-04T09:58:50.700Z,506.000,10,398.000,ckt2afaVH4Vb7UP/,402.000,o/L+MTIJQ9eq7gmz,403.000,hMSv+Gb8thFPP00s,405.000,Zei/66KkS/aufM7i,501.000,+MbPW6GumDNtG9XL,504.000,IEtPd6GdCtaooxkh,506.000,egFi0biPGDaYhMBn,762.000,NxEI7tMG5w+LsmIo,772.000,XY5TU4LR5zXXLXY/,780.000,vWRTCpeRdExPnSKr
4,26,2026-04-04T09:58:51.206Z,421.000,10,316.000,o/L+MTIJQ9eq7gmz,316.000,ckt2afaVH4Vb7UP/,318.000,Zei/66KkS/aufM7i,321.000,hMSv+Gb8thFPP00s,414.000,+MbPW6GumDNtG9XL,415.000,egFi0biPGDaYhMBn,421.000,IEtPd6GdCtaooxkh,720.000,NxEI7tMG5w+LsmIo,730.000,XY5TU4LR5zXXLXY/,736.000,vWRTCpeRdExPnSKr
4,27,2026-04-04T09:58:51.627Z,509.000,10,400.000,hMSv+Gb8thFPP00s,402.000,o/L+MTIJQ9eq7gmz,404.000,Zei/66KkS/aufM7i,404.000,ckt2afaVH4Vb7UP/,500.000,egFi0biPGDaYhMBn,505.000,+MbPW6GumDNtG9XL,509.000,IEtPd6GdCtaooxkh,765.000,NxEI7tMG5w+LsmIo,777.000,XY5TU4LR5zXXLXY/,784.000,vWRTCpeRdExPnSKr
4,28,2026-04-04T09:58:52.136Z,422.000,10,312.000,o/L+MTIJQ9eq7gmz,315.000,Zei/66KkS/aufM7i,315.000,ckt2afaVH4Vb7UP/,317.000,hMSv+Gb8thFPP00s,411.000,IEtPd6GdCtaooxkh,413.000,+MbPW6GumDNtG9XL,422.000,egFi0biPGDaYhMBn,724.000,NxEI7tMG5w+LsmIo,732.000,XY5TU4LR5zXXLXY/,743.000,vWRTCpeRdExPnSKr
4,29,2026-04-04T09:58:52.558Z,503.000,10,397.000,Zei/66KkS/aufM7i,398.000,ckt2afaVH4Vb7UP/,399.000,hMSv+Gb8thFPP00s,400.000,o/L+MTIJQ9eq7gmz,491.000,egFi0biPGDaYhMBn,500.000,+MbPW6GumDNtG9XL,503.000,IEtPd6GdCtaooxkh,772.000,NxEI7tMG5w+LsmIo,773.000,XY5TU4LR5zXXLXY/,790.000,vWRTCpeRdExPnSKr
4,30,2026-04-04T09:58:53.061Z,420.000,10,315.000,ckt2afaVH4Vb7UP/,319.000,Zei/66KkS/aufM7i,321.000,o/L+MTIJQ9eq7gmz,322.000,hMSv+Gb8thFPP00s,416.000,egFi0biPGDaYhMBn,418.000,+MbPW6GumDNtG9XL,420.000,IEtPd6GdCtaooxkh,738.000,NxEI7tMG5w+LsmIo,739.000,XY5TU4LR5zXXLXY/,762.000,vWRTCpeRdExPnSKr
4,31,2026-04-04T09:58:53.481Z,515.000,10,407.000,hMSv+Gb8thFPP00s,411.000,Zei/66KkS/aufM7i,412.000,ckt2afaVH4Vb7UP/,413.000,o/L+MTIJQ9eq7gmz,509.000,egFi0biPGDaYhMBn,514.000,IEtPd6GdCtaooxkh,515.000,+MbPW6GumDNtG9XL,786.000,NxEI7tMG5w+LsmIo,787.000,XY5TU4LR5zXXLXY/,812.000,vWRTCpeRdExPnSKr
4,32,2026-04-04T09:58:53.996Z,416.000,10,308.000,o/L+MTIJQ9eq7gmz,310.000,hMSv+Gb8thFPP00s,311.000,ckt2afaVH4Vb7UP/,317.000,Zei/66KkS/aufM7i,413.000,IEtPd6GdCtaooxkh,415.000,egFi0biPGDaYhMBn,416.000,+MbPW6GumDNtG9XL,733.000,XY5TU4LR5zXXLXY/,740.000,NxEI7tMG5w+LsmIo,769.000,vWRTCpeRdExPnSKr
4,33,2026-04-04T09:58:54.412Z,510.000,7,407.000,hMSv+Gb8thFPP00s,410.000,o/L+MTIJQ9eq7gmz,410.000,ckt2afaVH4Vb7UP/,412.000,Zei/66KkS/aufM7i,507.000,+MbPW6GumDNtG9XL,508.000,egFi0biPGDaYhMBn,510.000,IEtPd6GdCtaooxkh,,,,,,
4,34,2026-04-04T09:58:54.922Z,994.000,9,731.000,ckt2afaVH4Vb7UP/,744.000,Zei/66KkS/aufM7i,753.000,hMSv+Gb8thFPP00s,781.000,IEtPd6GdCtaooxkh,802.000,+MbPW6GumDNtG9XL,903.000,o/L+MTIJQ9eq7gmz,1001.000,egFi0biPGDaYhMBn,1078.000,XY5TU4LR5zXXLXY/,1262.000,NxEI7tMG5w+LsmIo,,
4,35,2026-04-04T09:58:55.916Z,,0,,,,,,,,,,,,,,,,,,,,
5,1,2026-04-04T09:58:33.049Z,6193.000,7,1684.000,ckt2afaVH4Vb7UP/,2720.000,egFi0biPGDaYhMBn,3380.000,o/L+MTIJQ9eq7gmz,4131.000,Zei/66KkS/aufM7i,5600.000,hMSv+Gb8thFPP00s,6097.000,XY5TU4LR5zXXLXY/,6193.000,IEtPd6GdCtaooxkh,,,,,,
5,2,2026-04-04T09:58:39.242Z,931.000,8,298.000,ckt2afaVH4Vb7UP/,301.000,o/L+MTIJQ9eq7gmz,311.000,IEtPd6GdCtaooxkh,313.000,egFi0biPGDaYhMBn,417.000,Zei/66KkS/aufM7i,576.000,hMSv+Gb8thFPP00s,931.000,XY5TU4LR5zXXLXY/,1448.000,vWRTCpeRdExPnSKr,,,,
5,3,2026-04-04T09:58:40.173Z,669.000,9,309.000,ckt2afaVH4Vb7UP/,311.000,o/L+MTIJQ9eq7gmz,311.000,Zei/66KkS/aufM7i,360.000,hMSv+Gb8thFPP00s,563.000,IEtPd6GdCtaooxkh,568.000,egFi0biPGDaYhMBn,669.000,XY5TU4LR5zXXLXY/,673.000,+MbPW6GumDNtG9XL,1181.000,vWRTCpeRdExPnSKr,,
5,4,2026-04-04T09:58:40.842Z,417.000,10,307.000,Zei/66KkS/aufM7i,312.000,hMSv+Gb8thFPP00s,313.000,o/L+MTIJQ9eq7gmz,411.000,ckt2afaVH4Vb7UP/,413.000,+MbPW6GumDNtG9XL,414.000,IEtPd6GdCtaooxkh,417.000,egFi0biPGDaYhMBn,629.000,XY5TU4LR5zXXLXY/,937.000,vWRTCpeRdExPnSKr,1188.000,NxEI7tMG5w+LsmIo
5,5,2026-04-04T09:58:41.259Z,568.000,9,405.000,Zei/66KkS/aufM7i,406.000,hMSv+Gb8thFPP00s,410.000,o/L+MTIJQ9eq7gmz,501.000,+MbPW6GumDNtG9XL,506.000,IEtPd6GdCtaooxkh,509.000,egFi0biPGDaYhMBn,568.000,ckt2afaVH4Vb7UP/,876.000,XY5TU4LR5zXXLXY/,1036.000,vWRTCpeRdExPnSKr,,
5,6,2026-04-04T09:58:41.827Z,521.000,10,306.000,Zei/66KkS/aufM7i,311.000,ckt2afaVH4Vb7UP/,412.000,o/L+MTIJQ9eq7gmz,414.000,hMSv+Gb8thFPP00s,515.000,+MbPW6GumDNtG9XL,519.000,IEtPd6GdCtaooxkh,520.000,egFi0biPGDaYhMBn,778.000,XY5TU4LR5zXXLXY/,1080.000,vWRTCpeRdExPnSKr,1239.000,NxEI7tMG5w+LsmIo
5,7,2026-04-04T09:58:42.348Z,499.000,9,396.000,o/L+MTIJQ9eq7gmz,398.000,Zei/66KkS/aufM7i,404.000,hMSv+Gb8thFPP00s,408.000,egFi0biPGDaYhMBn,411.000,IEtPd6GdCtaooxkh,413.000,ckt2afaVH4Vb7UP/,499.000,+MbPW6GumDNtG9XL,979.000,XY5TU4LR5zXXLXY/,1217.000,vWRTCpeRdExPnSKr,,
5,8,2026-04-04T09:58:42.847Z,426.000,8,323.000,Zei/66KkS/aufM7i,327.000,o/L+MTIJQ9eq7gmz,328.000,hMSv+Gb8thFPP00s,329.000,ckt2afaVH4Vb7UP/,423.000,+MbPW6GumDNtG9XL,425.000,IEtPd6GdCtaooxkh,426.000,egFi0biPGDaYhMBn,694.000,XY5TU4LR5zXXLXY/,,,,
5,9,2026-04-04T09:58:43.273Z,507.000,10,399.000,o/L+MTIJQ9eq7gmz,401.000,ckt2afaVH4Vb7UP/,402.000,Zei/66KkS/aufM7i,403.000,hMSv+Gb8thFPP00s,501.000,egFi0biPGDaYhMBn,502.000,IEtPd6GdCtaooxkh,506.000,+MbPW6GumDNtG9XL,737.000,XY5TU4LR5zXXLXY/,902.000,vWRTCpeRdExPnSKr,1061.000,NxEI7tMG5w+LsmIo
5,10,2026-04-04T09:58:43.780Z,426.000,9,320.000,hMSv+Gb8thFPP00s,321.000,Zei/66KkS/aufM7i,323.000,ckt2afaVH4Vb7UP/,324.000,o/L+MTIJQ9eq7gmz,416.000,+MbPW6GumDNtG9XL,421.000,IEtPd6GdCtaooxkh,426.000,egFi0biPGDaYhMBn,694.000,XY5TU4LR5zXXLXY/,827.000,vWRTCpeRdExPnSKr,,
5,11,2026-04-04T09:58:44.206Z,499.000,10,394.000,Zei/66KkS/aufM7i,396.000,hMSv+Gb8thFPP00s,397.000,ckt2afaVH4Vb7UP/,402.000,o/L+MTIJQ9eq7gmz,489.000,+MbPW6GumDNtG9XL,495.000,IEtPd6GdCtaooxkh,499.000,egFi0biPGDaYhMBn,737.000,XY5TU4LR5zXXLXY/,799.000,vWRTCpeRdExPnSKr,916.000,NxEI7tMG5w+LsmIo
5,12,2026-04-04T09:58:44.705Z,430.000,9,321.000,o/L+MTIJQ9eq7gmz,323.000,hMSv+Gb8thFPP00s,325.000,ckt2afaVH4Vb7UP/,326.000,Zei/66KkS/aufM7i,427.000,+MbPW6GumDNtG9XL,429.000,IEtPd6GdCtaooxkh,430.000,egFi0biPGDaYhMBn,704.000,XY5TU4LR5zXXLXY/,737.000,vWRTCpeRdExPnSKr,,
5,13,2026-04-04T09:58:45.135Z,502.000,10,399.000,Zei/66KkS/aufM7i,402.000,o/L+MTIJQ9eq7gmz,403.000,ckt2afaVH4Vb7UP/,405.000,hMSv+Gb8thFPP00s,496.000,+MbPW6GumDNtG9XL,497.000,egFi0biPGDaYhMBn,502.000,IEtPd6GdCtaooxkh,736.000,XY5TU4LR5zXXLXY/,769.000,vWRTCpeRdExPnSKr,803.000,NxEI7tMG5w+LsmIo
5,14,2026-04-04T09:58:45.637Z,421.000,10,317.000,Zei/66KkS/aufM7i,321.000,hMSv+Gb8thFPP00s,322.000,o/L+MTIJQ9eq7gmz,324.000,ckt2afaVH4Vb7UP/,418.000,IEtPd6GdCtaooxkh,420.000,egFi0biPGDaYhMBn,421.000,+MbPW6GumDNtG9XL,695.000,NxEI7tMG5w+LsmIo,705.000,XY5TU4LR5zXXLXY/,729.000,vWRTCpeRdExPnSKr
5,15,2026-04-04T09:58:46.058Z,508.000,10,403.000,Zei/66KkS/aufM7i,405.000,o/L+MTIJQ9eq7gmz,406.000,hMSv+Gb8thFPP00s,407.000,ckt2afaVH4Vb7UP/,505.000,+MbPW6GumDNtG9XL,506.000,egFi0biPGDaYhMBn,507.000,IEtPd6GdCtaooxkh,733.000,NxEI7tMG5w+LsmIo,754.000,XY5TU4LR5zXXLXY/,784.000,vWRTCpeRdExPnSKr
5,16,2026-04-04T09:58:46.566Z,424.000,10,318.000,Zei/66KkS/aufM7i,319.000,o/L+MTIJQ9eq7gmz,322.000,ckt2afaVH4Vb7UP/,324.000,hMSv+Gb8thFPP00s,419.000,+MbPW6GumDNtG9XL,422.000,egFi0biPGDaYhMBn,423.000,IEtPd6GdCtaooxkh,696.000,NxEI7tMG5w+LsmIo,713.000,XY5TU4LR5zXXLXY/,736.000,vWRTCpeRdExPnSKr
5,17,2026-04-04T09:58:46.990Z,501.000,10,395.000,Zei/66KkS/aufM7i,400.000,o/L+MTIJQ9eq7gmz,400.000,ckt2afaVH4Vb7UP/,403.000,hMSv+Gb8thFPP00s,499.000,IEtPd6GdCtaooxkh,500.000,+MbPW6GumDNtG9XL,501.000,egFi0biPGDaYhMBn,740.000,NxEI7tMG5w+LsmIo,755.000,XY5TU4LR5zXXLXY/,776.000,vWRTCpeRdExPnSKr
5,18,2026-04-04T09:58:47.491Z,425.000,10,319.000,hMSv+Gb8thFPP00s,321.000,o/L+MTIJQ9eq7gmz,322.000,Zei/66KkS/aufM7i,325.000,ckt2afaVH4Vb7UP/,418.000,egFi0biPGDaYhMBn,424.000,IEtPd6GdCtaooxkh,425.000,+MbPW6GumDNtG9XL,706.000,NxEI7tMG5w+LsmIo,716.000,XY5TU4LR5zXXLXY/,770.000,vWRTCpeRdExPnSKr
5,19,2026-04-04T09:58:47.916Z,511.000,10,402.000,hMSv+Gb8thFPP00s,404.000,ckt2afaVH4Vb7UP/,406.000,o/L+MTIJQ9eq7gmz,406.000,Zei/66KkS/aufM7i,506.000,+MbPW6GumDNtG9XL,507.000,IEtPd6GdCtaooxkh,511.000,egFi0biPGDaYhMBn,747.000,NxEI7tMG5w+LsmIo,760.000,XY5TU4LR5zXXLXY/,803.000,vWRTCpeRdExPnSKr
5,20,2026-04-04T09:58:48.427Z,418.000,10,313.000,hMSv+Gb8thFPP00s,314.000,Zei/66KkS/aufM7i,317.000,o/L+MTIJQ9eq7gmz,318.000,ckt2afaVH4Vb7UP/,411.000,+MbPW6GumDNtG9XL,417.000,IEtPd6GdCtaooxkh,418.000,egFi0biPGDaYhMBn,702.000,NxEI7tMG5w+LsmIo,715.000,XY5TU4LR5zXXLXY/,758.000,vWRTCpeRdExPnSKr
5,21,2026-04-04T09:58:48.845Z,507.000,10,403.000,o/L+MTIJQ9eq7gmz,404.000,Zei/66KkS/aufM7i,405.000,ckt2afaVH4Vb7UP/,407.000,hMSv+Gb8thFPP00s,500.000,IEtPd6GdCtaooxkh,506.000,egFi0biPGDaYhMBn,507.000,+MbPW6GumDNtG9XL,752.000,NxEI7tMG5w+LsmIo,765.000,XY5TU4LR5zXXLXY/,790.000,vWRTCpeRdExPnSKr
5,22,2026-04-04T09:58:49.352Z,422.000,10,318.000,ckt2afaVH4Vb7UP/,319.000,Zei/66KkS/aufM7i,320.000,hMSv+Gb8thFPP00s,323.000,o/L+MTIJQ9eq7gmz,415.000,IEtPd6GdCtaooxkh,421.000,+MbPW6GumDNtG9XL,422.000,egFi0biPGDaYhMBn,707.000,NxEI7tMG5w+LsmIo,720.000,XY5TU4LR5zXXLXY/,743.000,vWRTCpeRdExPnSKr
5,23,2026-04-04T09:58:49.774Z,506.000,10,399.000,Zei/66KkS/aufM7i,401.000,o/L+MTIJQ9eq7gmz,403.000,ckt2afaVH4Vb7UP/,404.000,hMSv+Gb8thFPP00s,504.000,IEtPd6GdCtaooxkh,505.000,+MbPW6GumDNtG9XL,506.000,egFi0biPGDaYhMBn,752.000,NxEI7tMG5w+LsmIo,765.000,XY5TU4LR5zXXLXY/,792.000,vWRTCpeRdExPnSKr
5,24,2026-04-04T09:58:50.280Z,419.000,10,316.000,Zei/66KkS/aufM7i,317.000,o/L+MTIJQ9eq7gmz,319.000,hMSv+Gb8thFPP00s,321.000,ckt2afaVH4Vb7UP/,413.000,egFi0biPGDaYhMBn,417.000,IEtPd6GdCtaooxkh,418.000,+MbPW6GumDNtG9XL,712.000,NxEI7tMG5w+LsmIo,725.000,XY5TU4LR5zXXLXY/,733.000,vWRTCpeRdExPnSKr
5,25,2026-04-04T09:58:50.699Z,508.000,10,401.000,ckt2afaVH4Vb7UP/,403.000,o/L+MTIJQ9eq7gmz,404.000,Zei/66KkS/aufM7i,405.000,hMSv+Gb8thFPP00s,504.000,egFi0biPGDaYhMBn,507.000,IEtPd6GdCtaooxkh,508.000,+MbPW6GumDNtG9XL,758.000,NxEI7tMG5w+LsmIo,772.000,XY5TU4LR5zXXLXY/,782.000,vWRTCpeRdExPnSKr
5,26,2026-04-04T09:58:51.207Z,423.000,10,315.000,o/L+MTIJQ9eq7gmz,316.000,Zei/66KkS/aufM7i,317.000,ckt2afaVH4Vb7UP/,321.000,hMSv+Gb8thFPP00s,418.000,egFi0biPGDaYhMBn,420.000,IEtPd6GdCtaooxkh,422.000,+MbPW6GumDNtG9XL,718.000,NxEI7tMG5w+LsmIo,733.000,XY5TU4LR5zXXLXY/,740.000,vWRTCpeRdExPnSKr
5,27,2026-04-04T09:58:51.630Z,505.000,10,398.000,hMSv+Gb8thFPP00s,399.000,Zei/66KkS/aufM7i,400.000,o/L+MTIJQ9eq7gmz,403.000,ckt2afaVH4Vb7UP/,498.000,+MbPW6GumDNtG9XL,500.000,egFi0biPGDaYhMBn,505.000,IEtPd6GdCtaooxkh,762.000,NxEI7tMG5w+LsmIo,772.000,XY5TU4LR5zXXLXY/,782.000,vWRTCpeRdExPnSKr
5,28,2026-04-04T09:58:52.135Z,420.000,10,314.000,o/L+MTIJQ9eq7gmz,314.000,Zei/66KkS/aufM7i,318.000,hMSv+Gb8thFPP00s,319.000,ckt2afaVH4Vb7UP/,416.000,egFi0biPGDaYhMBn,419.000,+MbPW6GumDNtG9XL,420.000,IEtPd6GdCtaooxkh,727.000,NxEI7tMG5w+LsmIo,731.000,XY5TU4LR5zXXLXY/,742.000,vWRTCpeRdExPnSKr
5,29,2026-04-04T09:58:52.555Z,513.000,10,399.000,Zei/66KkS/aufM7i,402.000,ckt2afaVH4Vb7UP/,404.000,hMSv+Gb8thFPP00s,405.000,o/L+MTIJQ9eq7gmz,499.000,egFi0biPGDaYhMBn,500.000,+MbPW6GumDNtG9XL,502.000,IEtPd6GdCtaooxkh,777.000,XY5TU4LR5zXXLXY/,779.000,NxEI7tMG5w+LsmIo,795.000,vWRTCpeRdExPnSKr
5,30,2026-04-04T09:58:53.068Z,416.000,10,310.000,ckt2afaVH4Vb7UP/,310.000,Zei/66KkS/aufM7i,314.000,o/L+MTIJQ9eq7gmz,315.000,hMSv+Gb8thFPP00s,411.000,IEtPd6GdCtaooxkh,414.000,+MbPW6GumDNtG9XL,416.000,egFi0biPGDaYhMBn,732.000,NxEI7tMG5w+LsmIo,735.000,XY5TU4LR5zXXLXY/,756.000,vWRTCpeRdExPnSKr
5,31,2026-04-04T09:58:53.484Z,514.000,10,405.000,hMSv+Gb8thFPP00s,406.000,Zei/66KkS/aufM7i,408.000,o/L+MTIJQ9eq7gmz,410.000,ckt2afaVH4Vb7UP/,501.000,egFi0biPGDaYhMBn,512.000,+MbPW6GumDNtG9XL,513.000,IEtPd6GdCtaooxkh,783.000,XY5TU4LR5zXXLXY/,784.000,NxEI7tMG5w+LsmIo,811.000,vWRTCpeRdExPnSKr
5,32,2026-04-04T09:58:53.998Z,415.000,10,309.000,o/L+MTIJQ9eq7gmz,311.000,hMSv+Gb8thFPP00s,312.000,ckt2afaVH4Vb7UP/,312.000,Zei/66KkS/aufM7i,412.000,+MbPW6GumDNtG9XL,414.000,egFi0biPGDaYhMBn,415.000,IEtPd6GdCtaooxkh,733.000,XY5TU4LR5zXXLXY/,736.000,NxEI7tMG5w+LsmIo,768.000,vWRTCpeRdExPnSKr
5,33,2026-04-04T09:58:54.413Z,513.000,7,405.000,hMSv+Gb8thFPP00s,407.000,o/L+MTIJQ9eq7gmz,407.000,Zei/66KkS/aufM7i,411.000,ckt2afaVH4Vb7UP/,504.000,+MbPW6GumDNtG9XL,505.000,egFi0biPGDaYhMBn,513.000,IEtPd6GdCtaooxkh,,,,,,
5,34,2026-04-04T09:58:54.926Z,900.000,9,730.000,Zei/66KkS/aufM7i,737.000,ckt2afaVH4Vb7UP/,743.000,hMSv+Gb8thFPP00s,775.000,IEtPd6GdCtaooxkh,797.000,+MbPW6GumDNtG9XL,889.000,o/L+MTIJQ9eq7gmz,898.000,egFi0biPGDaYhMBn,959.000,XY5TU4LR5zXXLXY/,1257.000,NxEI7tMG5w+LsmIo,,
5,35,2026-04-04T09:58:55.826Z,,0,,,,,,,,,,,,,,,,,,,,
6,1,2026-04-04T09:58:34.523Z,4724.000,7,209.000,ckt2afaVH4Vb7UP/,1237.000,egFi0biPGDaYhMBn,1905.000,o/L+MTIJQ9eq7gmz,2658.000,Zei/66KkS/aufM7i,4124.000,hMSv+Gb8thFPP00s,4621.000,XY5TU4LR5zXXLXY/,4724.000,IEtPd6GdCtaooxkh,,,,,,
6,2,2026-04-04T09:58:39.247Z,927.000,8,293.000,ckt2afaVH4Vb7UP/,295.000,o/L+MTIJQ9eq7gmz,307.000,IEtPd6GdCtaooxkh,309.000,egFi0biPGDaYhMBn,413.000,Zei/66KkS/aufM7i,569.000,hMSv+Gb8thFPP00s,927.000,XY5TU4LR5zXXLXY/,1513.000,vWRTCpeRdExPnSKr,,,,
6,3,2026-04-04T09:58:40.174Z,668.000,9,307.000,ckt2afaVH4Vb7UP/,309.000,o/L+MTIJQ9eq7gmz,312.000,Zei/66KkS/aufM7i,357.000,hMSv+Gb8thFPP00s,562.000,IEtPd6GdCtaooxkh,566.000,egFi0biPGDaYhMBn,668.000,XY5TU4LR5zXXLXY/,672.000,+MbPW6GumDNtG9XL,1176.000,vWRTCpeRdExPnSKr,,
6,4,2026-04-04T09:58:40.842Z,417.000,10,308.000,Zei/66KkS/aufM7i,310.000,hMSv+Gb8thFPP00s,311.000,o/L+MTIJQ9eq7gmz,411.000,ckt2afaVH4Vb7UP/,413.000,IEtPd6GdCtaooxkh,415.000,egFi0biPGDaYhMBn,416.000,+MbPW6GumDNtG9XL,631.000,XY5TU4LR5zXXLXY/,934.000,vWRTCpeRdExPnSKr,1297.000,NxEI7tMG5w+LsmIo
6,5,2026-04-04T09:58:41.259Z,568.000,9,404.000,hMSv+Gb8thFPP00s,406.000,Zei/66KkS/aufM7i,409.000,o/L+MTIJQ9eq7gmz,506.000,+MbPW6GumDNtG9XL,507.000,IEtPd6GdCtaooxkh,511.000,egFi0biPGDaYhMBn,567.000,ckt2afaVH4Vb7UP/,881.000,XY5TU4LR5zXXLXY/,1041.000,vWRTCpeRdExPnSKr,,
6,6,2026-04-04T09:58:41.827Z,521.000,10,307.000,Zei/66KkS/aufM7i,310.000,ckt2afaVH4Vb7UP/,412.000,o/L+MTIJQ9eq7gmz,412.000,hMSv+Gb8thFPP00s,517.000,+MbPW6GumDNtG9XL,520.000,egFi0biPGDaYhMBn,521.000,IEtPd6GdCtaooxkh,772.000,XY5TU4LR5zXXLXY/,1079.000,vWRTCpeRdExPnSKr,1239.000,NxEI7tMG5w+LsmIo
6,7,2026-04-04T09:58:42.348Z,501.000,9,395.000,o/L+MTIJQ9eq7gmz,399.000,Zei/66KkS/aufM7i,402.000,hMSv+Gb8thFPP00s,405.000,egFi0biPGDaYhMBn,411.000,ckt2afaVH4Vb7UP/,412.000,IEtPd6GdCtaooxkh,501.000,+MbPW6GumDNtG9XL,976.000,XY5TU4LR5zXXLXY/,1216.000,vWRTCpeRdExPnSKr,,
6,8,2026-04-04T09:58:42.849Z,427.000,8,322.000,Zei/66KkS/aufM7i,323.000,hMSv+Gb8thFPP00s,324.000,o/L+MTIJQ9eq7gmz,325.000,ckt2afaVH4Vb7UP/,423.000,egFi0biPGDaYhMBn,425.000,+MbPW6GumDNtG9XL,427.000,IEtPd6GdCtaooxkh,695.000,XY5TU4LR5zXXLXY/,,,,
6,9,2026-04-04T09:58:43.276Z,502.000,10,395.000,o/L+MTIJQ9eq7gmz,398.000,ckt2afaVH4Vb7UP/,398.000,hMSv+Gb8thFPP00s,400.000,Zei/66KkS/aufM7i,489.000,egFi0biPGDaYhMBn,493.000,IEtPd6GdCtaooxkh,502.000,+MbPW6GumDNtG9XL,730.000,XY5TU4LR5zXXLXY/,894.000,vWRTCpeRdExPnSKr,1052.000,NxEI7tMG5w+LsmIo
6,10,2026-04-04T09:58:43.778Z,428.000,9,320.000,hMSv+Gb8thFPP00s,324.000,ckt2afaVH4Vb7UP/,325.000,Zei/66KkS/aufM7i,326.000,o/L+MTIJQ9eq7gmz,417.000,+MbPW6GumDNtG9XL,424.000,IEtPd6GdCtaooxkh,428.000,egFi0biPGDaYhMBn,697.000,XY5TU4LR5zXXLXY/,828.000,vWRTCpeRdExPnSKr,,
6,11,2026-04-04T09:58:44.206Z,495.000,10,394.000,hMSv+Gb8thFPP00s,395.000,Zei/66KkS/aufM7i,397.000,ckt2afaVH4Vb7UP/,401.000,o/L+MTIJQ9eq7gmz,491.000,+MbPW6GumDNtG9XL,494.000,egFi0biPGDaYhMBn,495.000,IEtPd6GdCtaooxkh,734.000,XY5TU4LR5zXXLXY/,798.000,vWRTCpeRdExPnSKr,920.000,NxEI7tMG5w+LsmIo
6,12,2026-04-04T09:58:44.701Z,429.000,9,324.000,o/L+MTIJQ9eq7gmz,325.000,hMSv+Gb8thFPP00s,329.000,ckt2afaVH4Vb7UP/,331.000,Zei/66KkS/aufM7i,426.000,+MbPW6GumDNtG9XL,428.000,egFi0biPGDaYhMBn,429.000,IEtPd6GdCtaooxkh,705.000,XY5TU4LR5zXXLXY/,740.000,vWRTCpeRdExPnSKr,,
6,13,2026-04-04T09:58:45.130Z,511.000,10,404.000,Zei/66KkS/aufM7i,406.000,o/L+MTIJQ9eq7gmz,408.000,ckt2afaVH4Vb7UP/,408.000,hMSv+Gb8thFPP00s,506.000,+MbPW6GumDNtG9XL,508.000,egFi0biPGDaYhMBn,510.000,IEtPd6GdCtaooxkh,740.000,XY5TU4LR5zXXLXY/,773.000,vWRTCpeRdExPnSKr,810.000,NxEI7tMG5w+LsmIo
6,14,2026-04-04T09:58:45.641Z,421.000,10,314.000,Zei/66KkS/aufM7i,315.000,hMSv+Gb8thFPP00s,316.000,o/L+MTIJQ9eq7gmz,319.000,ckt2afaVH4Vb7UP/,413.000,egFi0biPGDaYhMBn,415.000,IEtPd6GdCtaooxkh,421.000,+MbPW6GumDNtG9XL,689.000,NxEI7tMG5w+LsmIo,698.000,XY5TU4LR5zXXLXY/,729.000,vWRTCpeRdExPnSKr
6,15,2026-04-04T09:58:46.062Z,505.000,10,398.000,hMSv+Gb8thFPP00s,400.000,ckt2afaVH4Vb7UP/,401.000,Zei/66KkS/aufM7i,402.000,o/L+MTIJQ9eq7gmz,501.000,IEtPd6GdCtaooxkh,503.000,+MbPW6GumDNtG9XL,504.000,egFi0biPGDaYhMBn,728.000,NxEI7tMG5w+LsmIo,750.000,XY5TU4LR5zXXLXY/,780.000,vWRTCpeRdExPnSKr
6,16,2026-04-04T09:58:46.567Z,421.000,10,317.000,o/L+MTIJQ9eq7gmz,319.000,Zei/66KkS/aufM7i,320.000,hMSv+Gb8thFPP00s,321.000,ckt2afaVH4Vb7UP/,419.000,+MbPW6GumDNtG9XL,420.000,egFi0biPGDaYhMBn,421.000,IEtPd6GdCtaooxkh,691.000,NxEI7tMG5w+LsmIo,708.000,XY5TU4LR5zXXLXY/,733.000,vWRTCpeRdExPnSKr
6,17,2026-04-04T09:58:46.988Z,507.000,10,398.000,Zei/66KkS/aufM7i,402.000,o/L+MTIJQ9eq7gmz,403.000,ckt2afaVH4Vb7UP/,403.000,hMSv+Gb8thFPP00s,498.000,IEtPd6GdCtaooxkh,500.000,+MbPW6GumDNtG9XL,507.000,egFi0biPGDaYhMBn,741.000,NxEI7tMG5w+LsmIo,755.000,XY5TU4LR5zXXLXY/,778.000,vWRTCpeRdExPnSKr
6,18,2026-04-04T09:58:47.495Z,420.000,10,314.000,hMSv+Gb8thFPP00s,318.000,o/L+MTIJQ9eq7gmz,319.000,Zei/66KkS/aufM7i,321.000,ckt2afaVH4Vb7UP/,415.000,+MbPW6GumDNtG9XL,416.000,egFi0biPGDaYhMBn,420.000,IEtPd6GdCtaooxkh,702.000,NxEI7tMG5w+LsmIo,714.000,XY5TU4LR5zXXLXY/,763.000,vWRTCpeRdExPnSKr
6,19,2026-04-04T09:58:47.915Z,507.000,10,401.000,hMSv+Gb8thFPP00s,405.000,ckt2afaVH4Vb7UP/,406.000,o/L+MTIJQ9eq7gmz,408.000,Zei/66KkS/aufM7i,502.000,IEtPd6GdCtaooxkh,505.000,+MbPW6GumDNtG9XL,507.000,egFi0biPGDaYhMBn,747.000,NxEI7tMG5w+LsmIo,760.000,XY5TU4LR5zXXLXY/,802.000,vWRTCpeRdExPnSKr
6,20,2026-04-04T09:58:48.422Z,420.000,10,316.000,hMSv+Gb8thFPP00s,319.000,Zei/66KkS/aufM7i,321.000,o/L+MTIJQ9eq7gmz,323.000,ckt2afaVH4Vb7UP/,416.000,IEtPd6GdCtaooxkh,418.000,egFi0biPGDaYhMBn,420.000,+MbPW6GumDNtG9XL,712.000,NxEI7tMG5w+LsmIo,715.000,XY5TU4LR5zXXLXY/,758.000,vWRTCpeRdExPnSKr
6,21,2026-04-04T09:58:48.842Z,511.000,10,405.000,o/L+MTIJQ9eq7gmz,406.000,ckt2afaVH4Vb7UP/,407.000,Zei/66KkS/aufM7i,407.000,hMSv+Gb8thFPP00s,504.000,+MbPW6GumDNtG9XL,508.000,IEtPd6GdCtaooxkh,511.000,egFi0biPGDaYhMBn,751.000,NxEI7tMG5w+LsmIo,766.000,XY5TU4LR5zXXLXY/,795.000,vWRTCpeRdExPnSKr
6,22,2026-04-04T09:58:49.353Z,422.000,10,316.000,ckt2afaVH4Vb7UP/,317.000,hMSv+Gb8thFPP00s,319.000,Zei/66KkS/aufM7i,322.000,o/L+MTIJQ9eq7gmz,414.000,IEtPd6GdCtaooxkh,415.000,egFi0biPGDaYhMBn,422.000,+MbPW6GumDNtG9XL,706.000,NxEI7tMG5w+LsmIo,719.000,XY5TU4LR5zXXLXY/,744.000,vWRTCpeRdExPnSKr
6,23,2026-04-04T09:58:49.775Z,504.000,10,399.000,Zei/66KkS/aufM7i,400.000,hMSv+Gb8thFPP00s,401.000,o/L+MTIJQ9eq7gmz,403.000,ckt2afaVH4Vb7UP/,498.000,+MbPW6GumDNtG9XL,503.000,egFi0biPGDaYhMBn,504.000,IEtPd6GdCtaooxkh,753.000,NxEI7tMG5w+LsmIo,765.000,XY5TU4LR5zXXLXY/,790.000,vWRTCpeRdExPnSKr
6,24,2026-04-04T09:58:50.279Z,422.000,10,318.000,Zei/66KkS/aufM7i,318.000,hMSv+Gb8thFPP00s,320.000,o/L+MTIJQ9eq7gmz,321.000,ckt2afaVH4Vb7UP/,417.000,egFi0biPGDaYhMBn,421.000,+MbPW6GumDNtG9XL,422.000,IEtPd6GdCtaooxkh,714.000,NxEI7tMG5w+LsmIo,726.000,XY5TU4LR5zXXLXY/,736.000,vWRTCpeRdExPnSKr
6,25,2026-04-04T09:58:50.701Z,506.000,10,399.000,ckt2afaVH4Vb7UP/,400.000,hMSv+Gb8thFPP00s,401.000,o/L+MTIJQ9eq7gmz,403.000,Zei/66KkS/aufM7i,502.000,+MbPW6GumDNtG9XL,505.000,IEtPd6GdCtaooxkh,506.000,egFi0biPGDaYhMBn,758.000,NxEI7tMG5w+LsmIo,772.000,XY5TU4LR5zXXLXY/,779.000,vWRTCpeRdExPnSKr
6,26,2026-04-04T09:58:51.207Z,419.000,10,315.000,o/L+MTIJQ9eq7gmz,317.000,ckt2afaVH4Vb7UP/,318.000,Zei/66KkS/aufM7i,318.000,hMSv+Gb8thFPP00s,416.000,egFi0biPGDaYhMBn,417.000,+MbPW6GumDNtG9XL,419.000,IEtPd6GdCtaooxkh,722.000,NxEI7tMG5w+LsmIo,734.000,XY5TU4LR5zXXLXY/,737.000,vWRTCpeRdExPnSKr
6,27,2026-04-04T09:58:51.626Z,503.000,10,400.000,hMSv+Gb8thFPP00s,403.000,o/L+MTIJQ9eq7gmz,405.000,Zei/66KkS/aufM7i,406.000,ckt2afaVH4Vb7UP/,500.000,IEtPd6GdCtaooxkh,501.000,+MbPW6GumDNtG9XL,503.000,egFi0biPGDaYhMBn,767.000,NxEI7tMG5w+LsmIo,777.000,XY5TU4LR5zXXLXY/,789.000,vWRTCpeRdExPnSKr
6,28,2026-04-04T09:58:52.129Z,425.000,10,319.000,o/L+MTIJQ9eq7gmz,321.000,Zei/66KkS/aufM7i,322.000,hMSv+Gb8thFPP00s,323.000,ckt2afaVH4Vb7UP/,418.000,+MbPW6GumDNtG9XL,422.000,IEtPd6GdCtaooxkh,425.000,egFi0biPGDaYhMBn,733.000,NxEI7tMG5w+LsmIo,735.000,XY5TU4LR5zXXLXY/,752.000,vWRTCpeRdExPnSKr
6,29,2026-04-04T09:58:52.554Z,503.000,10,401.000,Zei/66KkS/aufM7i,401.000,hMSv+Gb8thFPP00s,403.000,ckt2afaVH4Vb7UP/,404.000,o/L+MTIJQ9eq7gmz,499.000,IEtPd6GdCtaooxkh,501.000,egFi0biPGDaYhMBn,503.000,+MbPW6GumDNtG9XL,775.000,NxEI7tMG5w+LsmIo,777.000,XY5TU4LR5zXXLXY/,797.000,vWRTCpeRdExPnSKr
6,30,2026-04-04T09:58:53.057Z,427.000,10,320.000,ckt2afaVH4Vb7UP/,322.000,Zei/66KkS/aufM7i,323.000,hMSv+Gb8thFPP00s,324.000,o/L+MTIJQ9eq7gmz,422.000,+MbPW6GumDNtG9XL,423.000,egFi0biPGDaYhMBn,427.000,IEtPd6GdCtaooxkh,740.000,NxEI7tMG5w+LsmIo,744.000,XY5TU4LR5zXXLXY/,769.000,vWRTCpeRdExPnSKr
6,31,2026-04-04T09:58:53.484Z,506.000,10,403.000,hMSv+Gb8thFPP00s,407.000,Zei/66KkS/aufM7i,409.000,o/L+MTIJQ9eq7gmz,410.000,ckt2afaVH4Vb7UP/,503.000,IEtPd6GdCtaooxkh,505.000,+MbPW6GumDNtG9XL,506.000,egFi0biPGDaYhMBn,784.000,NxEI7tMG5w+LsmIo,786.000,XY5TU4LR5zXXLXY/,808.000,vWRTCpeRdExPnSKr
6,32,2026-04-04T09:58:53.990Z,421.000,10,314.000,o/L+MTIJQ9eq7gmz,314.000,hMSv+Gb8thFPP00s,318.000,ckt2afaVH4Vb7UP/,321.000,Zei/66KkS/aufM7i,418.000,+MbPW6GumDNtG9XL,419.000,egFi0biPGDaYhMBn,420.000,IEtPd6GdCtaooxkh,741.000,XY5TU4LR5zXXLXY/,745.000,NxEI7tMG5w+LsmIo,772.000,vWRTCpeRdExPnSKr
6,33,2026-04-04T09:58:54.411Z,509.000,7,405.000,hMSv+Gb8thFPP00s,410.000,o/L+MTIJQ9eq7gmz,412.000,Zei/66KkS/aufM7i,414.000,ckt2afaVH4Vb7UP/,504.000,egFi0biPGDaYhMBn,506.000,IEtPd6GdCtaooxkh,509.000,+MbPW6GumDNtG9XL,,,,,,
6,34,2026-04-04T09:58:54.920Z,926.000,9,736.000,hMSv+Gb8thFPP00s,743.000,ckt2afaVH4Vb7UP/,749.000,Zei/66KkS/aufM7i,790.000,IEtPd6GdCtaooxkh,802.000,+MbPW6GumDNtG9XL,900.000,o/L+MTIJQ9eq7gmz,926.000,XY5TU4LR5zXXLXY/,1008.000,egFi0biPGDaYhMBn,1261.000,NxEI7tMG5w+LsmIo,,
6,35,2026-04-04T09:58:55.846Z,,0,,,,,,,,,,,,,,,,,,,,
7,1,2026-04-04T09:58:35.932Z,3803.000,7,666.000,egFi0biPGDaYhMBn,1475.000,Zei/66KkS/aufM7i,1642.000,o/L+MTIJQ9eq7gmz,2795.000,hMSv+Gb8thFPP00s,2982.000,ckt2afaVH4Vb7UP/,3132.000,XY5TU4LR5zXXLXY/,4106.000,IEtPd6GdCtaooxkh,,,,,,
7,2,2026-04-04T09:58:39.735Z,539.000,8,4.000,ckt2afaVH4Vb7UP/,4.000,o/L+MTIJQ9eq7gmz,4.000,egFi0biPGDaYhMBn,2.000,Zei/66KkS/aufM7i,160.000,hMSv+Gb8thFPP00s,362.000,XY5TU4LR5zXXLXY/,538.000,IEtPd6GdCtaooxkh,828.000,vWRTCpeRdExPnSKr,,,,
7,3,2026-04-04T09:58:40.274Z,608.000,9,333.000,o/L+MTIJQ9eq7gmz,334.000,Zei/66KkS/aufM7i,335.000,hMSv+Gb8thFPP00s,337.000,ckt2afaVH4Vb7UP/,491.000,XY5TU4LR5zXXLXY/,597.000,egFi0biPGDaYhMBn,608.000,IEtPd6GdCtaooxkh,954.000,vWRTCpeRdExPnSKr,1363.000,+MbPW6GumDNtG9XL,,
7,4,2026-04-04T09:58:40.882Z,681.000,10,387.000,o/L+MTIJQ9eq7gmz,397.000,Zei/66KkS/aufM7i,400.000,hMSv+Gb8thFPP00s,400.000,XY5TU4LR5zXXLXY/,968.000,egFi0biPGDaYhMBn,965.000,IEtPd6GdCtaooxkh,1115.000,ckt2afaVH4Vb7UP/,818.000,vWRTCpeRdExPnSKr,967.000,+MbPW6GumDNtG9XL,1068.000,NxEI7tMG5w+LsmIo
7,5,2026-04-04T09:58:41.563Z,493.000,9,178.000,Zei/66KkS/aufM7i,180.000,hMSv+Gb8thFPP00s,181.000,o/L+MTIJQ9eq7gmz,230.000,+MbPW6GumDNtG9XL,258.000,IEtPd6GdCtaooxkh,343.000,ckt2afaVH4Vb7UP/,493.000,egFi0biPGDaYhMBn,496.000,XY5TU4LR5zXXLXY/,603.000,vWRTCpeRdExPnSKr,,
7,6,2026-04-04T09:58:42.056Z,470.000,10,291.000,Zei/66KkS/aufM7i,293.000,o/L+MTIJQ9eq7gmz,299.000,hMSv+Gb8thFPP00s,308.000,ckt2afaVH4Vb7UP/,443.000,+MbPW6GumDNtG9XL,469.000,XY5TU4LR5zXXLXY/,470.000,egFi0biPGDaYhMBn,516.000,IEtPd6GdCtaooxkh,773.000,vWRTCpeRdExPnSKr,889.000,NxEI7tMG5w+LsmIo
7,7,2026-04-04T09:58:42.526Z,521.000,9,301.000,o/L+MTIJQ9eq7gmz,305.000,hMSv+Gb8thFPP00s,306.000,Zei/66KkS/aufM7i,311.000,ckt2afaVH4Vb7UP/,445.000,+MbPW6GumDNtG9XL,464.000,egFi0biPGDaYhMBn,521.000,IEtPd6GdCtaooxkh,642.000,XY5TU4LR5zXXLXY/,844.000,vWRTCpeRdExPnSKr,,
7,8,2026-04-04T09:58:43.047Z,418.000,8,247.000,o/L+MTIJQ9eq7gmz,248.000,hMSv+Gb8thFPP00s,251.000,ckt2afaVH4Vb7UP/,260.000,Zei/66KkS/aufM7i,398.000,+MbPW6GumDNtG9XL,415.000,egFi0biPGDaYhMBn,417.000,XY5TU4LR5zXXLXY/,463.000,IEtPd6GdCtaooxkh,,,,
7,9,2026-04-04T09:58:43.465Z,466.000,10,291.000,hMSv+Gb8thFPP00s,295.000,o/L+MTIJQ9eq7gmz,296.000,ckt2afaVH4Vb7UP/,306.000,Zei/66KkS/aufM7i,437.000,+MbPW6GumDNtG9XL,454.000,egFi0biPGDaYhMBn,466.000,XY5TU4LR5zXXLXY/,507.000,IEtPd6GdCtaooxkh,632.000,vWRTCpeRdExPnSKr,790.000,NxEI7tMG5w+LsmIo
7,10,2026-04-04T09:58:43.931Z,466.000,9,301.000,o/L+MTIJQ9eq7gmz,305.000,ckt2afaVH4Vb7UP/,307.000,hMSv+Gb8thFPP00s,309.000,Zei/66KkS/aufM7i,445.000,+MbPW6GumDNtG9XL,457.000,egFi0biPGDaYhMBn,466.000,XY5TU4LR5zXXLXY/,515.000,IEtPd6GdCtaooxkh,599.000,vWRTCpeRdExPnSKr,,
7,11,2026-04-04T09:58:44.397Z,467.000,10,297.000,ckt2afaVH4Vb7UP/,301.000,Zei/66KkS/aufM7i,307.000,hMSv+Gb8thFPP00s,308.000,o/L+MTIJQ9eq7gmz,448.000,+MbPW6GumDNtG9XL,454.000,egFi0biPGDaYhMBn,467.000,XY5TU4LR5zXXLXY/,530.000,IEtPd6GdCtaooxkh,532.000,vWRTCpeRdExPnSKr,650.000,NxEI7tMG5w+LsmIo
7,12,2026-04-04T09:58:44.864Z,465.000,9,294.000,Zei/66KkS/aufM7i,305.000,ckt2afaVH4Vb7UP/,307.000,hMSv+Gb8thFPP00s,315.000,o/L+MTIJQ9eq7gmz,452.000,+MbPW6GumDNtG9XL,458.000,egFi0biPGDaYhMBn,464.000,XY5TU4LR5zXXLXY/,499.000,vWRTCpeRdExPnSKr,541.000,IEtPd6GdCtaooxkh,,
7,13,2026-04-04T09:58:45.329Z,459.000,10,302.000,Zei/66KkS/aufM7i,305.000,ckt2afaVH4Vb7UP/,306.000,hMSv+Gb8thFPP00s,309.000,IEtPd6GdCtaooxkh,311.000,o/L+MTIJQ9eq7gmz,455.000,+MbPW6GumDNtG9XL,459.000,NxEI7tMG5w+LsmIo,462.000,egFi0biPGDaYhMBn,462.000,XY5TU4LR5zXXLXY/,497.000,vWRTCpeRdExPnSKr
7,14,2026-04-04T09:58:45.788Z,467.000,10,305.000,Zei/66KkS/aufM7i,311.000,hMSv+Gb8thFPP00s,314.000,ckt2afaVH4Vb7UP/,317.000,o/L+MTIJQ9eq7gmz,463.000,egFi0biPGDaYhMBn,464.000,+MbPW6GumDNtG9XL,467.000,NxEI7tMG5w+LsmIo,476.000,XY5TU4LR5zXXLXY/,504.000,vWRTCpeRdExPnSKr,555.000,IEtPd6GdCtaooxkh
7,15,2026-04-04T09:58:46.255Z,465.000,10,305.000,ckt2afaVH4Vb7UP/,308.000,Zei/66KkS/aufM7i,309.000,hMSv+Gb8thFPP00s,315.000,IEtPd6GdCtaooxkh,322.000,o/L+MTIJQ9eq7gmz,457.000,NxEI7tMG5w+LsmIo,465.000,egFi0biPGDaYhMBn,469.000,+MbPW6GumDNtG9XL,478.000,XY5TU4LR5zXXLXY/,509.000,vWRTCpeRdExPnSKr
7,16,2026-04-04T09:58:46.720Z,476.000,10,311.000,Zei/66KkS/aufM7i,312.000,hMSv+Gb8thFPP00s,320.000,o/L+MTIJQ9eq7gmz,322.000,ckt2afaVH4Vb7UP/,326.000,IEtPd6GdCtaooxkh,463.000,NxEI7tMG5w+LsmIo,476.000,+MbPW6GumDNtG9XL,477.000,egFi0biPGDaYhMBn,478.000,XY5TU4LR5zXXLXY/,503.000,vWRTCpeRdExPnSKr
7,17,2026-04-04T09:58:47.196Z,467.000,10,304.000,o/L+MTIJQ9eq7gmz,307.000,Zei/66KkS/aufM7i,309.000,hMSv+Gb8thFPP00s,313.000,IEtPd6GdCtaooxkh,315.000,ckt2afaVH4Vb7UP/,457.000,NxEI7tMG5w+LsmIo,467.000,+MbPW6GumDNtG9XL,472.000,XY5TU4LR5zXXLXY/,482.000,egFi0biPGDaYhMBn,495.000,vWRTCpeRdExPnSKr
7,18,2026-04-04T09:58:47.663Z,466.000,10,298.000,hMSv+Gb8thFPP00s,300.000,Zei/66KkS/aufM7i,303.000,o/L+MTIJQ9eq7gmz,310.000,ckt2afaVH4Vb7UP/,316.000,IEtPd6GdCtaooxkh,457.000,NxEI7tMG5w+LsmIo,466.000,XY5TU4LR5zXXLXY/,475.000,+MbPW6GumDNtG9XL,498.000,egFi0biPGDaYhMBn,520.000,vWRTCpeRdExPnSKr
7,19,2026-04-04T09:58:48.129Z,471.000,10,298.000,ckt2afaVH4Vb7UP/,305.000,hMSv+Gb8thFPP00s,306.000,Zei/66KkS/aufM7i,311.000,o/L+MTIJQ9eq7gmz,326.000,IEtPd6GdCtaooxkh,459.000,NxEI7tMG5w+LsmIo,470.000,XY5TU4LR5zXXLXY/,477.000,+MbPW6GumDNtG9XL,510.000,egFi0biPGDaYhMBn,515.000,vWRTCpeRdExPnSKr
7,20,2026-04-04T09:58:48.600Z,462.000,10,295.000,o/L+MTIJQ9eq7gmz,300.000,ckt2afaVH4Vb7UP/,303.000,Zei/66KkS/aufM7i,304.000,hMSv+Gb8thFPP00s,337.000,IEtPd6GdCtaooxkh,454.000,NxEI7tMG5w+LsmIo,462.000,XY5TU4LR5zXXLXY/,476.000,+MbPW6GumDNtG9XL,498.000,egFi0biPGDaYhMBn,507.000,vWRTCpeRdExPnSKr
7,21,2026-04-04T09:58:49.062Z,457.000,10,273.000,egFi0biPGDaYhMBn,303.000,hMSv+Gb8thFPP00s,305.000,o/L+MTIJQ9eq7gmz,309.000,Zei/66KkS/aufM7i,313.000,ckt2afaVH4Vb7UP/,354.000,IEtPd6GdCtaooxkh,457.000,NxEI7tMG5w+LsmIo,469.000,XY5TU4LR5zXXLXY/,481.000,+MbPW6GumDNtG9XL,498.000,vWRTCpeRdExPnSKr
7,22,2026-04-04T09:58:49.519Z,473.000,10,310.000,o/L+MTIJQ9eq7gmz,311.000,hMSv+Gb8thFPP00s,312.000,Zei/66KkS/aufM7i,320.000,ckt2afaVH4Vb7UP/,451.000,IEtPd6GdCtaooxkh,465.000,NxEI7tMG5w+LsmIo,473.000,XY5TU4LR5zXXLXY/,495.000,+MbPW6GumDNtG9XL,500.000,vWRTCpeRdExPnSKr,524.000,egFi0biPGDaYhMBn
7,23,2026-04-04T09:58:49.992Z,459.000,10,283.000,egFi0biPGDaYhMBn,308.000,o/L+MTIJQ9eq7gmz,309.000,Zei/66KkS/aufM7i,311.000,ckt2afaVH4Vb7UP/,313.000,hMSv+Gb8thFPP00s,451.000,IEtPd6GdCtaooxkh,459.000,NxEI7tMG5w+LsmIo,467.000,XY5TU4LR5zXXLXY/,491.000,+MbPW6GumDNtG9XL,499.000,vWRTCpeRdExPnSKr
7,24,2026-04-04T09:58:50.451Z,475.000,10,314.000,Zei/66KkS/aufM7i,315.000,hMSv+Gb8thFPP00s,316.000,ckt2afaVH4Vb7UP/,317.000,o/L+MTIJQ9eq7gmz,459.000,IEtPd6GdCtaooxkh,465.000,NxEI7tMG5w+LsmIo,475.000,XY5TU4LR5zXXLXY/,487.000,vWRTCpeRdExPnSKr,502.000,+MbPW6GumDNtG9XL,527.000,egFi0biPGDaYhMBn
7,25,2026-04-04T09:58:50.926Z,458.000,10,266.000,+MbPW6GumDNtG9XL,281.000,egFi0biPGDaYhMBn,297.000,hMSv+Gb8thFPP00s,304.000,ckt2afaVH4Vb7UP/,306.000,o/L+MTIJQ9eq7gmz,308.000,Zei/66KkS/aufM7i,458.000,NxEI7tMG5w+LsmIo,459.000,IEtPd6GdCtaooxkh,468.000,XY5TU4LR5zXXLXY/,477.000,vWRTCpeRdExPnSKr
7,26,2026-04-04T09:58:51.384Z,460.000,10,303.000,egFi0biPGDaYhMBn,313.000,hMSv+Gb8thFPP00s,316.000,o/L+MTIJQ9eq7gmz,317.000,Zei/66KkS/aufM7i,325.000,ckt2afaVH4Vb7UP/,371.000,+MbPW6GumDNtG9XL,460.000,IEtPd6GdCtaooxkh,467.000,NxEI7tMG5w+LsmIo,476.000,XY5TU4LR5zXXLXY/,485.000,vWRTCpeRdExPnSKr
7,27,2026-04-04T09:58:51.844Z,466.000,10,317.000,Zei/66KkS/aufM7i,318.000,egFi0biPGDaYhMBn,322.000,o/L+MTIJQ9eq7gmz,324.000,hMSv+Gb8thFPP00s,330.000,ckt2afaVH4Vb7UP/,429.000,+MbPW6GumDNtG9XL,466.000,IEtPd6GdCtaooxkh,474.000,NxEI7tMG5w+LsmIo,481.000,XY5TU4LR5zXXLXY/,492.000,vWRTCpeRdExPnSKr
7,28,2026-04-04T09:58:52.310Z,472.000,10,318.000,Zei/66KkS/aufM7i,320.000,o/L+MTIJQ9eq7gmz,323.000,hMSv+Gb8thFPP00s,325.000,ckt2afaVH4Vb7UP/,326.000,egFi0biPGDaYhMBn,431.000,+MbPW6GumDNtG9XL,472.000,IEtPd6GdCtaooxkh,476.000,NxEI7tMG5w+LsmIo,479.000,XY5TU4LR5zXXLXY/,493.000,vWRTCpeRdExPnSKr
7,29,2026-04-04T09:58:52.782Z,471.000,10,311.000,ckt2afaVH4Vb7UP/,312.000,o/L+MTIJQ9eq7gmz,313.000,hMSv+Gb8thFPP00s,317.000,Zei/66KkS/aufM7i,364.000,egFi0biPGDaYhMBn,427.000,+MbPW6GumDNtG9XL,470.000,IEtPd6GdCtaooxkh,472.000,NxEI7tMG5w+LsmIo,473.000,XY5TU4LR5zXXLXY/,492.000,vWRTCpeRdExPnSKr
7,30,2026-04-04T09:58:53.253Z,470.000,10,305.000,hMSv+Gb8thFPP00s,308.000,o/L+MTIJQ9eq7gmz,314.000,Zei/66KkS/aufM7i,316.000,ckt2afaVH4Vb7UP/,363.000,egFi0biPGDaYhMBn,422.000,+MbPW6GumDNtG9XL,470.000,NxEI7tMG5w+LsmIo,471.000,XY5TU4LR5zXXLXY/,472.000,IEtPd6GdCtaooxkh,494.000,vWRTCpeRdExPnSKr
7,31,2026-04-04T09:58:53.723Z,418.000,10,237.000,IEtPd6GdCtaooxkh,299.000,hMSv+Gb8thFPP00s,303.000,o/L+MTIJQ9eq7gmz,304.000,ckt2afaVH4Vb7UP/,310.000,Zei/66KkS/aufM7i,356.000,egFi0biPGDaYhMBn,418.000,+MbPW6GumDNtG9XL,467.000,NxEI7tMG5w+LsmIo,468.000,XY5TU4LR5zXXLXY/,495.000,vWRTCpeRdExPnSKr
7,32,2026-04-04T09:58:54.141Z,471.000,10,346.000,hMSv+Gb8thFPP00s,352.000,o/L+MTIJQ9eq7gmz,359.000,ckt2afaVH4Vb7UP/,363.000,Zei/66KkS/aufM7i,407.000,egFi0biPGDaYhMBn,453.000,IEtPd6GdCtaooxkh,471.000,+MbPW6GumDNtG9XL,510.000,XY5TU4LR5zXXLXY/,516.000,NxEI7tMG5w+LsmIo,546.000,vWRTCpeRdExPnSKr
7,33,2026-04-04T09:58:54.612Z,476.000,7,288.000,Zei/66KkS/aufM7i,326.000,hMSv+Gb8thFPP00s,338.000,o/L+MTIJQ9eq7gmz,348.000,ckt2afaVH4Vb7UP/,404.000,egFi0biPGDaYhMBn,458.000,IEtPd6GdCtaooxkh,476.000,+MbPW6GumDNtG9XL,,,,,,
7,34,2026-04-04T09:58:55.088Z,1000.000,9,679.000,XY5TU4LR5zXXLXY/,690.000,IEtPd6GdCtaooxkh,710.000,+MbPW6GumDNtG9XL,717.000,Zei/66KkS/aufM7i,830.000,ckt2afaVH4Vb7UP/,112771.000,hMSv+Gb8thFPP00s,119852.000,o/L+MTIJQ9eq7gmz,1026.000,NxEI7tMG5w+LsmIo,119957.000,egFi0biPGDaYhMBn,,
7,35,2026-04-04T09:58:56.088Z,,0,,,,,,,,,,,,,,,,,,,,
8,1,2026-04-04T09:58:37.457Z,2569.000,7,1424.000,hMSv+Gb8thFPP00s,1476.000,ckt2afaVH4Vb7UP/,1609.000,XY5TU4LR5zXXLXY/,5610.000,egFi0biPGDaYhMBn,3003.000,Zei/66KkS/aufM7i,6519.000,o/L+MTIJQ9eq7gmz,2591.000,IEtPd6GdCtaooxkh,,,,,,
8,2,2026-04-04T09:58:40.026Z,456.000,8,0.000,ckt2afaVH4Vb7UP/,2.000,hMSv+Gb8thFPP00s,72.000,XY5TU4LR5zXXLXY/,225.000,IEtPd6GdCtaooxkh,3952.000,o/L+MTIJQ9eq7gmz,535.000,Zei/66KkS/aufM7i,3044.000,egFi0biPGDaYhMBn,536.000,vWRTCpeRdExPnSKr,,,,
8,3,2026-04-04T09:58:40.482Z,606.000,9,132.000,Zei/66KkS/aufM7i,208.000,ckt2afaVH4Vb7UP/,210.000,hMSv+Gb8thFPP00s,285.000,XY5TU4LR5zXXLXY/,510.000,IEtPd6GdCtaooxkh,2590.000,egFi0biPGDaYhMBn,3497.000,o/L+MTIJQ9eq7gmz,745.000,vWRTCpeRdExPnSKr,1083.000,+MbPW6GumDNtG9XL,,
8,4,2026-04-04T09:58:41.088Z,611.000,10,186.000,hMSv+Gb8thFPP00s,187.000,Zei/66KkS/aufM7i,196.000,XY5TU4LR5zXXLXY/,244.000,ckt2afaVH4Vb7UP/,372.000,IEtPd6GdCtaooxkh,828.000,+MbPW6GumDNtG9XL,611.000,vWRTCpeRdExPnSKr,1986.000,egFi0biPGDaYhMBn,863.000,NxEI7tMG5w+LsmIo,2893.000,o/L+MTIJQ9eq7gmz
8,5,2026-04-04T09:58:41.699Z,466.000,9,368.000,+MbPW6GumDNtG9XL,370.000,Zei/66KkS/aufM7i,370.000,hMSv+Gb8thFPP00s,371.000,ckt2afaVH4Vb7UP/,371.000,IEtPd6GdCtaooxkh,371.000,XY5TU4LR5zXXLXY/,465.000,vWRTCpeRdExPnSKr,2284.000,o/L+MTIJQ9eq7gmz,1377.000,egFi0biPGDaYhMBn,,
8,6,2026-04-04T09:58:42.165Z,663.000,10,350.000,ckt2afaVH4Vb7UP/,350.000,Zei/66KkS/aufM7i,350.000,hMSv+Gb8thFPP00s,361.000,XY5TU4LR5zXXLXY/,451.000,IEtPd6GdCtaooxkh,1233.000,+MbPW6GumDNtG9XL,663.000,vWRTCpeRdExPnSKr,780.000,NxEI7tMG5w+LsmIo,1001.000,egFi0biPGDaYhMBn,1819.000,o/L+MTIJQ9eq7gmz
8,7,2026-04-04T09:58:42.828Z,456.000,9,454.000,Zei/66KkS/aufM7i,461.000,ckt2afaVH4Vb7UP/,457.000,hMSv+Gb8thFPP00s,607.000,+MbPW6GumDNtG9XL,459.000,IEtPd6GdCtaooxkh,342.000,XY5TU4LR5zXXLXY/,1158.000,o/L+MTIJQ9eq7gmz,465.000,egFi0biPGDaYhMBn,540.000,vWRTCpeRdExPnSKr,,
8,8,2026-04-04T09:58:43.284Z,247.000,8,6.000,Zei/66KkS/aufM7i,7.000,ckt2afaVH4Vb7UP/,8.000,hMSv+Gb8thFPP00s,84.000,+MbPW6GumDNtG9XL,89.000,IEtPd6GdCtaooxkh,182.000,XY5TU4LR5zXXLXY/,247.000,egFi0biPGDaYhMBn,839.000,o/L+MTIJQ9eq7gmz,,,,
8,9,2026-04-04T09:58:43.531Z,402.000,10,241.000,ckt2afaVH4Vb7UP/,242.000,hMSv+Gb8thFPP00s,243.000,egFi0biPGDaYhMBn,331.000,IEtPd6GdCtaooxkh,342.000,+MbPW6GumDNtG9XL,367.000,Zei/66KkS/aufM7i,402.000,XY5TU4LR5zXXLXY/,564.000,vWRTCpeRdExPnSKr,681.000,o/L+MTIJQ9eq7gmz,724.000,NxEI7tMG5w+LsmIo
8,10,2026-04-04T09:58:43.933Z,466.000,9,283.000,Zei/66KkS/aufM7i,308.000,ckt2afaVH4Vb7UP/,309.000,hMSv+Gb8thFPP00s,354.000,o/L+MTIJQ9eq7gmz,400.000,IEtPd6GdCtaooxkh,409.000,+MbPW6GumDNtG9XL,466.000,XY5TU4LR5zXXLXY/,528.000,egFi0biPGDaYhMBn,596.000,vWRTCpeRdExPnSKr,,
8,11,2026-04-04T09:58:44.399Z,406.000,10,298.000,egFi0biPGDaYhMBn,313.000,hMSv+Gb8thFPP00s,316.000,Zei/66KkS/aufM7i,353.000,o/L+MTIJQ9eq7gmz,396.000,ckt2afaVH4Vb7UP/,399.000,IEtPd6GdCtaooxkh,406.000,+MbPW6GumDNtG9XL,466.000,XY5TU4LR5zXXLXY/,528.000,vWRTCpeRdExPnSKr,649.000,NxEI7tMG5w+LsmIo
8,12,2026-04-04T09:58:44.805Z,525.000,9,370.000,Zei/66KkS/aufM7i,372.000,hMSv+Gb8thFPP00s,405.000,o/L+MTIJQ9eq7gmz,452.000,ckt2afaVH4Vb7UP/,473.000,IEtPd6GdCtaooxkh,475.000,+MbPW6GumDNtG9XL,525.000,XY5TU4LR5zXXLXY/,557.000,vWRTCpeRdExPnSKr,590.000,egFi0biPGDaYhMBn,,
8,13,2026-04-04T09:58:45.330Z,458.000,10,294.000,egFi0biPGDaYhMBn,301.000,Zei/66KkS/aufM7i,311.000,hMSv+Gb8thFPP00s,341.000,o/L+MTIJQ9eq7gmz,384.000,ckt2afaVH4Vb7UP/,410.000,IEtPd6GdCtaooxkh,458.000,NxEI7tMG5w+LsmIo,461.000,+MbPW6GumDNtG9XL,463.000,XY5TU4LR5zXXLXY/,494.000,vWRTCpeRdExPnSKr
8,14,2026-04-04T09:58:45.788Z,476.000,10,284.000,ckt2afaVH4Vb7UP/,305.000,Zei/66KkS/aufM7i,307.000,hMSv+Gb8thFPP00s,344.000,o/L+MTIJQ9eq7gmz,417.000,IEtPd6GdCtaooxkh,467.000,NxEI7tMG5w+LsmIo,476.000,+MbPW6GumDNtG9XL,478.000,XY5TU4LR5zXXLXY/,502.000,vWRTCpeRdExPnSKr,536.000,egFi0biPGDaYhMBn
8,15,2026-04-04T09:58:46.264Z,448.000,10,294.000,egFi0biPGDaYhMBn,328.000,hMSv+Gb8thFPP00s,329.000,ckt2afaVH4Vb7UP/,331.000,o/L+MTIJQ9eq7gmz,332.000,Zei/66KkS/aufM7i,418.000,IEtPd6GdCtaooxkh,448.000,NxEI7tMG5w+LsmIo,466.000,+MbPW6GumDNtG9XL,470.000,XY5TU4LR5zXXLXY/,499.000,vWRTCpeRdExPnSKr
8,16,2026-04-04T09:58:46.712Z,488.000,10,347.000,Zei/66KkS/aufM7i,348.000,hMSv+Gb8thFPP00s,351.000,o/L+MTIJQ9eq7gmz,362.000,ckt2afaVH4Vb7UP/,444.000,IEtPd6GdCtaooxkh,472.000,NxEI7tMG5w+LsmIo,488.000,XY5TU4LR5zXXLXY/,497.000,+MbPW6GumDNtG9XL,510.000,vWRTCpeRdExPnSKr,557.000,egFi0biPGDaYhMBn
8,17,2026-04-04T09:58:47.200Z,453.000,10,270.000,ckt2afaVH4Vb7UP/,301.000,egFi0biPGDaYhMBn,322.000,Zei/66KkS/aufM7i,324.000,hMSv+Gb8thFPP00s,328.000,o/L+MTIJQ9eq7gmz,412.000,IEtPd6GdCtaooxkh,453.000,NxEI7tMG5w+LsmIo,470.000,XY5TU4LR5zXXLXY/,472.000,+MbPW6GumDNtG9XL,490.000,vWRTCpeRdExPnSKr
8,18,2026-04-04T09:58:47.653Z,467.000,10,329.000,hMSv+Gb8thFPP00s,337.000,o/L+MTIJQ9eq7gmz,338.000,Zei/66KkS/aufM7i,363.000,egFi0biPGDaYhMBn,377.000,ckt2afaVH4Vb7UP/,424.000,IEtPd6GdCtaooxkh,467.000,NxEI7tMG5w+LsmIo,477.000,XY5TU4LR5zXXLXY/,490.000,+MbPW6GumDNtG9XL,528.000,vWRTCpeRdExPnSKr
8,19,2026-04-04T09:58:48.120Z,469.000,10,336.000,hMSv+Gb8thFPP00s,341.000,o/L+MTIJQ9eq7gmz,342.000,Zei/66KkS/aufM7i,355.000,egFi0biPGDaYhMBn,369.000,ckt2afaVH4Vb7UP/,427.000,IEtPd6GdCtaooxkh,469.000,NxEI7tMG5w+LsmIo,481.000,XY5TU4LR5zXXLXY/,492.000,+MbPW6GumDNtG9XL,522.000,vWRTCpeRdExPnSKr
8,20,2026-04-04T09:58:48.589Z,466.000,10,324.000,Zei/66KkS/aufM7i,330.000,o/L+MTIJQ9eq7gmz,331.000,hMSv+Gb8thFPP00s,345.000,egFi0biPGDaYhMBn,365.000,ckt2afaVH4Vb7UP/,427.000,IEtPd6GdCtaooxkh,466.000,NxEI7tMG5w+LsmIo,475.000,XY5TU4LR5zXXLXY/,496.000,+MbPW6GumDNtG9XL,517.000,vWRTCpeRdExPnSKr
8,21,2026-04-04T09:58:49.055Z,465.000,10,322.000,hMSv+Gb8thFPP00s,326.000,Zei/66KkS/aufM7i,333.000,o/L+MTIJQ9eq7gmz,347.000,egFi0biPGDaYhMBn,364.000,ckt2afaVH4Vb7UP/,425.000,IEtPd6GdCtaooxkh,465.000,NxEI7tMG5w+LsmIo,478.000,XY5TU4LR5zXXLXY/,503.000,vWRTCpeRdExPnSKr,506.000,+MbPW6GumDNtG9XL
8,22,2026-04-04T09:58:49.520Z,464.000,10,301.000,ckt2afaVH4Vb7UP/,316.000,hMSv+Gb8thFPP00s,323.000,Zei/66KkS/aufM7i,344.000,o/L+MTIJQ9eq7gmz,345.000,egFi0biPGDaYhMBn,434.000,IEtPd6GdCtaooxkh,464.000,NxEI7tMG5w+LsmIo,474.000,XY5TU4LR5zXXLXY/,498.000,vWRTCpeRdExPnSKr,510.000,+MbPW6GumDNtG9XL
8,23,2026-04-04T09:58:49.984Z,439.000,10,286.000,+MbPW6GumDNtG9XL,292.000,ckt2afaVH4Vb7UP/,305.000,hMSv+Gb8thFPP00s,319.000,Zei/66KkS/aufM7i,343.000,o/L+MTIJQ9eq7gmz,355.000,egFi0biPGDaYhMBn,439.000,IEtPd6GdCtaooxkh,467.000,NxEI7tMG5w+LsmIo,476.000,XY5TU4LR5zXXLXY/,505.000,vWRTCpeRdExPnSKr
8,24,2026-04-04T09:58:50.423Z,471.000,10,323.000,hMSv+Gb8thFPP00s,359.000,Zei/66KkS/aufM7i,362.000,ckt2afaVH4Vb7UP/,376.000,o/L+MTIJQ9eq7gmz,385.000,egFi0biPGDaYhMBn,416.000,+MbPW6GumDNtG9XL,471.000,IEtPd6GdCtaooxkh,493.000,NxEI7tMG5w+LsmIo,504.000,XY5TU4LR5zXXLXY/,514.000,vWRTCpeRdExPnSKr
8,25,2026-04-04T09:58:50.894Z,471.000,10,286.000,o/L+MTIJQ9eq7gmz,311.000,hMSv+Gb8thFPP00s,348.000,Zei/66KkS/aufM7i,350.000,ckt2afaVH4Vb7UP/,399.000,egFi0biPGDaYhMBn,413.000,+MbPW6GumDNtG9XL,471.000,IEtPd6GdCtaooxkh,490.000,NxEI7tMG5w+LsmIo,502.000,XY5TU4LR5zXXLXY/,508.000,vWRTCpeRdExPnSKr
8,26,2026-04-04T09:58:51.365Z,481.000,10,281.000,o/L+MTIJQ9eq7gmz,294.000,hMSv+Gb8thFPP00s,338.000,ckt2afaVH4Vb7UP/,341.000,Zei/66KkS/aufM7i,389.000,egFi0biPGDaYhMBn,407.000,+MbPW6GumDNtG9XL,481.000,IEtPd6GdCtaooxkh,486.000,NxEI7tMG5w+LsmIo,497.000,XY5TU4LR5zXXLXY/,503.000,vWRTCpeRdExPnSKr
8,27,2026-04-04T09:58:51.846Z,461.000,10,260.000,o/L+MTIJQ9eq7gmz,321.000,hMSv+Gb8thFPP00s,329.000,Zei/66KkS/aufM7i,331.000,ckt2afaVH4Vb7UP/,384.000,egFi0biPGDaYhMBn,390.000,+MbPW6GumDNtG9XL,461.000,IEtPd6GdCtaooxkh,472.000,NxEI7tMG5w+LsmIo,481.000,XY5TU4LR5zXXLXY/,489.000,vWRTCpeRdExPnSKr
8,28,2026-04-04T09:58:52.307Z,471.000,10,322.000,hMSv+Gb8thFPP00s,332.000,Zei/66KkS/aufM7i,334.000,ckt2afaVH4Vb7UP/,373.000,o/L+MTIJQ9eq7gmz,394.000,egFi0biPGDaYhMBn,395.000,+MbPW6GumDNtG9XL,471.000,IEtPd6GdCtaooxkh,478.000,NxEI7tMG5w+LsmIo,484.000,XY5TU4LR5zXXLXY/,494.000,vWRTCpeRdExPnSKr
8,29,2026-04-04T09:58:52.778Z,468.000,10,256.000,o/L+MTIJQ9eq7gmz,319.000,Zei/66KkS/aufM7i,329.000,ckt2afaVH4Vb7UP/,331.000,hMSv+Gb8thFPP00s,398.000,egFi0biPGDaYhMBn,400.000,+MbPW6GumDNtG9XL,467.000,IEtPd6GdCtaooxkh,476.000,NxEI7tMG5w+LsmIo,479.000,XY5TU4LR5zXXLXY/,495.000,vWRTCpeRdExPnSKr
8,30,2026-04-04T09:58:53.246Z,471.000,10,321.000,Zei/66KkS/aufM7i,324.000,ckt2afaVH4Vb7UP/,327.000,hMSv+Gb8thFPP00s,333.000,o/L+MTIJQ9eq7gmz,398.000,egFi0biPGDaYhMBn,400.000,+MbPW6GumDNtG9XL,471.000,IEtPd6GdCtaooxkh,477.000,NxEI7tMG5w+LsmIo,479.000,XY5TU4LR5zXXLXY/,500.000,vWRTCpeRdExPnSKr
8,31,2026-04-04T09:58:53.717Z,469.000,10,324.000,ckt2afaVH4Vb7UP/,326.000,Zei/66KkS/aufM7i,330.000,hMSv+Gb8thFPP00s,339.000,o/L+MTIJQ9eq7gmz,395.000,egFi0biPGDaYhMBn,409.000,+MbPW6GumDNtG9XL,469.000,IEtPd6GdCtaooxkh,473.000,NxEI7tMG5w+LsmIo,476.000,XY5TU4LR5zXXLXY/,499.000,vWRTCpeRdExPnSKr
8,32,2026-04-04T09:58:54.186Z,462.000,10,324.000,ckt2afaVH4Vb7UP/,327.000,hMSv+Gb8thFPP00s,335.000,Zei/66KkS/aufM7i,344.000,o/L+MTIJQ9eq7gmz,400.000,egFi0biPGDaYhMBn,408.000,+MbPW6GumDNtG9XL,461.000,IEtPd6GdCtaooxkh,467.000,XY5TU4LR5zXXLXY/,471.000,NxEI7tMG5w+LsmIo,499.000,vWRTCpeRdExPnSKr
8,33,2026-04-04T09:58:54.648Z,466.000,7,335.000,ckt2afaVH4Vb7UP/,338.000,Zei/66KkS/aufM7i,339.000,o/L+MTIJQ9eq7gmz,340.000,hMSv+Gb8thFPP00s,400.000,egFi0biPGDaYhMBn,411.000,+MbPW6GumDNtG9XL,466.000,IEtPd6GdCtaooxkh,,,,,,
8,34,2026-04-04T09:58:55.114Z,861.000,9,653.000,IEtPd6GdCtaooxkh,655.000,XY5TU4LR5zXXLXY/,678.000,+MbPW6GumDNtG9XL,694.000,Zei/66KkS/aufM7i,791.000,ckt2afaVH4Vb7UP/,119963.000,o/L+MTIJQ9eq7gmz,71077.000,hMSv+Gb8thFPP00s,989.000,NxEI7tMG5w+LsmIo,119800.000,egFi0biPGDaYhMBn,,
8,35,2026-04-04T09:58:55.975Z,,0,,,,,,,,,,,,,,,,,,,,
9,1,2026-04-04T09:58:38.935Z,1012.000,7,206.000,XY5TU4LR5zXXLXY/,4122.000,egFi0biPGDaYhMBn,1526.000,Zei/66KkS/aufM7i,5052.000,o/L+MTIJQ9eq7gmz,3008.000,hMSv+Gb8thFPP00s,6547.000,ckt2afaVH4Vb7UP/,1086.000,IEtPd6GdCtaooxkh,,,,,,
9,2,2026-04-04T09:58:39.947Z,538.000,8,151.000,XY5TU4LR5zXXLXY/,307.000,IEtPd6GdCtaooxkh,4042.000,o/L+MTIJQ9eq7gmz,616.000,Zei/66KkS/aufM7i,1998.000,hMSv+Gb8thFPP00s,3112.000,egFi0biPGDaYhMBn,5536.000,ckt2afaVH4Vb7UP/,618.000,vWRTCpeRdExPnSKr,,,,
9,3,2026-04-04T09:58:40.485Z,606.000,9,127.000,Zei/66KkS/aufM7i,282.000,XY5TU4LR5zXXLXY/,516.000,IEtPd6GdCtaooxkh,5000.000,ckt2afaVH4Vb7UP/,1462.000,hMSv+Gb8thFPP00s,2578.000,egFi0biPGDaYhMBn,3506.000,o/L+MTIJQ9eq7gmz,743.000,vWRTCpeRdExPnSKr,1224.000,+MbPW6GumDNtG9XL,,
9,4,2026-04-04T09:58:41.091Z,817.000,10,185.000,Zei/66KkS/aufM7i,193.000,XY5TU4LR5zXXLXY/,468.000,IEtPd6GdCtaooxkh,468.000,+MbPW6GumDNtG9XL,609.000,vWRTCpeRdExPnSKr,1974.000,egFi0biPGDaYhMBn,857.000,hMSv+Gb8thFPP00s,2902.000,o/L+MTIJQ9eq7gmz,858.000,NxEI7tMG5w+LsmIo,4396.000,ckt2afaVH4Vb7UP/
9,5,2026-04-04T09:58:41.908Z,350.000,9,145.000,Zei/66KkS/aufM7i,146.000,+MbPW6GumDNtG9XL,147.000,IEtPd6GdCtaooxkh,152.000,XY5TU4LR5zXXLXY/,190.000,hMSv+Gb8thFPP00s,257.000,vWRTCpeRdExPnSKr,3581.000,ckt2afaVH4Vb7UP/,2086.000,o/L+MTIJQ9eq7gmz,1158.000,egFi0biPGDaYhMBn,,
9,6,2026-04-04T09:58:42.258Z,528.000,10,152.000,Zei/66KkS/aufM7i,178.000,IEtPd6GdCtaooxkh,191.000,hMSv+Gb8thFPP00s,221.000,+MbPW6GumDNtG9XL,268.000,XY5TU4LR5zXXLXY/,1738.000,o/L+MTIJQ9eq7gmz,3232.000,ckt2afaVH4Vb7UP/,571.000,vWRTCpeRdExPnSKr,810.000,egFi0biPGDaYhMBn,685.000,NxEI7tMG5w+LsmIo
9,7,2026-04-04T09:58:42.786Z,499.000,9,151.000,IEtPd6GdCtaooxkh,152.000,Zei/66KkS/aufM7i,150.000,hMSv+Gb8thFPP00s,159.000,+MbPW6GumDNtG9XL,383.000,XY5TU4LR5zXXLXY/,1212.000,o/L+MTIJQ9eq7gmz,506.000,egFi0biPGDaYhMBn,584.000,vWRTCpeRdExPnSKr,2706.000,ckt2afaVH4Vb7UP/,,
9,8,2026-04-04T09:58:43.285Z,423.000,8,155.000,hMSv+Gb8thFPP00s,155.000,Zei/66KkS/aufM7i,157.000,IEtPd6GdCtaooxkh,157.000,+MbPW6GumDNtG9XL,181.000,XY5TU4LR5zXXLXY/,239.000,egFi0biPGDaYhMBn,851.000,o/L+MTIJQ9eq7gmz,2348.000,ckt2afaVH4Vb7UP/,,,,
9,9,2026-04-04T09:58:43.708Z,388.000,10,157.000,egFi0biPGDaYhMBn,157.000,IEtPd6GdCtaooxkh,168.000,+MbPW6GumDNtG9XL,195.000,hMSv+Gb8thFPP00s,202.000,Zei/66KkS/aufM7i,224.000,XY5TU4LR5zXXLXY/,388.000,vWRTCpeRdExPnSKr,661.000,o/L+MTIJQ9eq7gmz,545.000,NxEI7tMG5w+LsmIo,1927.000,ckt2afaVH4Vb7UP/
9,10,2026-04-04T09:58:44.096Z,434.000,9,547.000,hMSv+Gb8thFPP00s,578.000,Zei/66KkS/aufM7i,549.000,egFi0biPGDaYhMBn,542.000,IEtPd6GdCtaooxkh,580.000,o/L+MTIJQ9eq7gmz,546.000,+MbPW6GumDNtG9XL,434.000,XY5TU4LR5zXXLXY/,434.000,vWRTCpeRdExPnSKr,1541.000,ckt2afaVH4Vb7UP/,,
9,11,2026-04-04T09:58:44.530Z,335.000,10,149.000,hMSv+Gb8thFPP00s,260.000,egFi0biPGDaYhMBn,264.000,o/L+MTIJQ9eq7gmz,267.000,Zei/66KkS/aufM7i,274.000,IEtPd6GdCtaooxkh,289.000,+MbPW6GumDNtG9XL,335.000,XY5TU4LR5zXXLXY/,398.000,vWRTCpeRdExPnSKr,516.000,NxEI7tMG5w+LsmIo,1108.000,ckt2afaVH4Vb7UP/
9,12,2026-04-04T09:58:44.865Z,465.000,9,273.000,o/L+MTIJQ9eq7gmz,274.000,hMSv+Gb8thFPP00s,274.000,Zei/66KkS/aufM7i,392.000,egFi0biPGDaYhMBn,403.000,IEtPd6GdCtaooxkh,418.000,+MbPW6GumDNtG9XL,465.000,XY5TU4LR5zXXLXY/,498.000,vWRTCpeRdExPnSKr,1103.000,ckt2afaVH4Vb7UP/,,
9,13,2026-04-04T09:58:45.330Z,419.000,10,312.000,ckt2afaVH4Vb7UP/,376.000,hMSv+Gb8thFPP00s,378.000,Zei/66KkS/aufM7i,400.000,egFi0biPGDaYhMBn,403.000,IEtPd6GdCtaooxkh,415.000,o/L+MTIJQ9eq7gmz,419.000,+MbPW6GumDNtG9XL,456.000,NxEI7tMG5w+LsmIo,463.000,XY5TU4LR5zXXLXY/,495.000,vWRTCpeRdExPnSKr
9,14,2026-04-04T09:58:45.749Z,465.000,10,321.000,Zei/66KkS/aufM7i,328.000,hMSv+Gb8thFPP00s,330.000,o/L+MTIJQ9eq7gmz,350.000,ckt2afaVH4Vb7UP/,445.000,egFi0biPGDaYhMBn,446.000,IEtPd6GdCtaooxkh,465.000,+MbPW6GumDNtG9XL,504.000,NxEI7tMG5w+LsmIo,516.000,XY5TU4LR5zXXLXY/,542.000,vWRTCpeRdExPnSKr
9,15,2026-04-04T09:58:46.214Z,461.000,10,325.000,o/L+MTIJQ9eq7gmz,340.000,Zei/66KkS/aufM7i,342.000,ckt2afaVH4Vb7UP/,345.000,hMSv+Gb8thFPP00s,438.000,egFi0biPGDaYhMBn,455.000,IEtPd6GdCtaooxkh,461.000,+MbPW6GumDNtG9XL,496.000,NxEI7tMG5w+LsmIo,520.000,XY5TU4LR5zXXLXY/,550.000,vWRTCpeRdExPnSKr
9,16,2026-04-04T09:58:46.675Z,468.000,10,332.000,o/L+MTIJQ9eq7gmz,342.000,Zei/66KkS/aufM7i,343.000,hMSv+Gb8thFPP00s,344.000,ckt2afaVH4Vb7UP/,448.000,egFi0biPGDaYhMBn,467.000,IEtPd6GdCtaooxkh,468.000,+MbPW6GumDNtG9XL,507.000,NxEI7tMG5w+LsmIo,525.000,XY5TU4LR5zXXLXY/,548.000,vWRTCpeRdExPnSKr
9,17,2026-04-04T09:58:47.143Z,467.000,10,329.000,o/L+MTIJQ9eq7gmz,341.000,ckt2afaVH4Vb7UP/,342.000,hMSv+Gb8thFPP00s,343.000,Zei/66KkS/aufM7i,449.000,egFi0biPGDaYhMBn,465.000,IEtPd6GdCtaooxkh,467.000,+MbPW6GumDNtG9XL,508.000,NxEI7tMG5w+LsmIo,526.000,XY5TU4LR5zXXLXY/,548.000,vWRTCpeRdExPnSKr
9,18,2026-04-04T09:58:47.610Z,477.000,10,334.000,o/L+MTIJQ9eq7gmz,336.000,hMSv+Gb8thFPP00s,338.000,ckt2afaVH4Vb7UP/,344.000,Zei/66KkS/aufM7i,442.000,egFi0biPGDaYhMBn,469.000,IEtPd6GdCtaooxkh,477.000,+MbPW6GumDNtG9XL,508.000,NxEI7tMG5w+LsmIo,520.000,XY5TU4LR5zXXLXY/,573.000,vWRTCpeRdExPnSKr
9,19,2026-04-04T09:58:48.087Z,461.000,10,329.000,Zei/66KkS/aufM7i,335.000,ckt2afaVH4Vb7UP/,336.000,hMSv+Gb8thFPP00s,338.000,o/L+MTIJQ9eq7gmz,427.000,egFi0biPGDaYhMBn,460.000,+MbPW6GumDNtG9XL,461.000,IEtPd6GdCtaooxkh,500.000,NxEI7tMG5w+LsmIo,514.000,XY5TU4LR5zXXLXY/,557.000,vWRTCpeRdExPnSKr
9,20,2026-04-04T09:58:48.548Z,473.000,10,341.000,o/L+MTIJQ9eq7gmz,344.000,hMSv+Gb8thFPP00s,345.000,Zei/66KkS/aufM7i,347.000,ckt2afaVH4Vb7UP/,431.000,egFi0biPGDaYhMBn,469.000,+MbPW6GumDNtG9XL,473.000,IEtPd6GdCtaooxkh,505.000,NxEI7tMG5w+LsmIo,515.000,XY5TU4LR5zXXLXY/,559.000,vWRTCpeRdExPnSKr
9,21,2026-04-04T09:58:49.021Z,480.000,10,328.000,Zei/66KkS/aufM7i,336.000,o/L+MTIJQ9eq7gmz,338.000,hMSv+Gb8thFPP00s,342.000,ckt2afaVH4Vb7UP/,420.000,egFi0biPGDaYhMBn,456.000,+MbPW6GumDNtG9XL,480.000,IEtPd6GdCtaooxkh,497.000,NxEI7tMG5w+LsmIo,512.000,XY5TU4LR5zXXLXY/,538.000,vWRTCpeRdExPnSKr
9,22,2026-04-04T09:58:49.501Z,472.000,10,320.000,Zei/66KkS/aufM7i,321.000,o/L+MTIJQ9eq7gmz,322.000,hMSv+Gb8thFPP00s,327.000,ckt2afaVH4Vb7UP/,409.000,egFi0biPGDaYhMBn,433.000,+MbPW6GumDNtG9XL,471.000,IEtPd6GdCtaooxkh,481.000,NxEI7tMG5w+LsmIo,492.000,XY5TU4LR5zXXLXY/,518.000,vWRTCpeRdExPnSKr
9,23,2026-04-04T09:58:49.973Z,466.000,10,308.000,ckt2afaVH4Vb7UP/,309.000,o/L+MTIJQ9eq7gmz,311.000,Zei/66KkS/aufM7i,317.000,hMSv+Gb8thFPP00s,403.000,egFi0biPGDaYhMBn,436.000,+MbPW6GumDNtG9XL,465.000,IEtPd6GdCtaooxkh,476.000,NxEI7tMG5w+LsmIo,487.000,XY5TU4LR5zXXLXY/,518.000,vWRTCpeRdExPnSKr
9,24,2026-04-04T09:58:50.439Z,465.000,10,309.000,ckt2afaVH4Vb7UP/,310.000,o/L+MTIJQ9eq7gmz,317.000,Zei/66KkS/aufM7i,320.000,hMSv+Gb8thFPP00s,392.000,egFi0biPGDaYhMBn,436.000,+MbPW6GumDNtG9XL,465.000,IEtPd6GdCtaooxkh,475.000,NxEI7tMG5w+LsmIo,488.000,XY5TU4LR5zXXLXY/,499.000,vWRTCpeRdExPnSKr
9,25,2026-04-04T09:58:50.904Z,469.000,10,311.000,o/L+MTIJQ9eq7gmz,312.000,ckt2afaVH4Vb7UP/,313.000,Zei/66KkS/aufM7i,321.000,hMSv+Gb8thFPP00s,399.000,egFi0biPGDaYhMBn,431.000,+MbPW6GumDNtG9XL,469.000,IEtPd6GdCtaooxkh,478.000,NxEI7tMG5w+LsmIo,491.000,XY5TU4LR5zXXLXY/,499.000,vWRTCpeRdExPnSKr
9,26,2026-04-04T09:58:51.373Z,469.000,10,307.000,ckt2afaVH4Vb7UP/,314.000,hMSv+Gb8thFPP00s,316.000,o/L+MTIJQ9eq7gmz,319.000,Zei/66KkS/aufM7i,399.000,egFi0biPGDaYhMBn,440.000,+MbPW6GumDNtG9XL,469.000,IEtPd6GdCtaooxkh,476.000,NxEI7tMG5w+LsmIo,489.000,XY5TU4LR5zXXLXY/,496.000,vWRTCpeRdExPnSKr
9,27,2026-04-04T09:58:51.842Z,467.000,10,310.000,o/L+MTIJQ9eq7gmz,311.000,Zei/66KkS/aufM7i,313.000,ckt2afaVH4Vb7UP/,317.000,hMSv+Gb8thFPP00s,393.000,egFi0biPGDaYhMBn,439.000,+MbPW6GumDNtG9XL,467.000,IEtPd6GdCtaooxkh,474.000,NxEI7tMG5w+LsmIo,485.000,XY5TU4LR5zXXLXY/,494.000,vWRTCpeRdExPnSKr
9,28,2026-04-04T09:58:52.309Z,473.000,10,302.000,o/L+MTIJQ9eq7gmz,313.000,ckt2afaVH4Vb7UP/,315.000,Zei/66KkS/aufM7i,316.000,hMSv+Gb8thFPP00s,391.000,egFi0biPGDaYhMBn,444.000,+MbPW6GumDNtG9XL,473.000,IEtPd6GdCtaooxkh,475.000,NxEI7tMG5w+LsmIo,482.000,XY5TU4LR5zXXLXY/,493.000,vWRTCpeRdExPnSKr
9,29,2026-04-04T09:58:52.782Z,471.000,10,307.000,ckt2afaVH4Vb7UP/,309.000,Zei/66KkS/aufM7i,311.000,o/L+MTIJQ9eq7gmz,312.000,hMSv+Gb8thFPP00s,380.000,egFi0biPGDaYhMBn,440.000,+MbPW6GumDNtG9XL,471.000,NxEI7tMG5w+LsmIo,473.000,IEtPd6GdCtaooxkh,474.000,XY5TU4LR5zXXLXY/,491.000,vWRTCpeRdExPnSKr
9,30,2026-04-04T09:58:53.253Z,463.000,10,297.000,Zei/66KkS/aufM7i,300.000,hMSv+Gb8thFPP00s,302.000,ckt2afaVH4Vb7UP/,303.000,o/L+MTIJQ9eq7gmz,374.000,egFi0biPGDaYhMBn,438.000,+MbPW6GumDNtG9XL,463.000,IEtPd6GdCtaooxkh,468.000,NxEI7tMG5w+LsmIo,471.000,XY5TU4LR5zXXLXY/,493.000,vWRTCpeRdExPnSKr
9,31,2026-04-04T09:58:53.716Z,465.000,10,300.000,hMSv+Gb8thFPP00s,303.000,Zei/66KkS/aufM7i,310.000,o/L+MTIJQ9eq7gmz,320.000,ckt2afaVH4Vb7UP/,386.000,egFi0biPGDaYhMBn,436.000,+MbPW6GumDNtG9XL,465.000,IEtPd6GdCtaooxkh,472.000,NxEI7tMG5w+LsmIo,476.000,XY5TU4LR5zXXLXY/,501.000,vWRTCpeRdExPnSKr
9,32,2026-04-04T09:58:54.181Z,471.000,10,310.000,hMSv+Gb8thFPP00s,314.000,o/L+MTIJQ9eq7gmz,315.000,Zei/66KkS/aufM7i,316.000,ckt2afaVH4Vb7UP/,390.000,egFi0biPGDaYhMBn,430.000,+MbPW6GumDNtG9XL,471.000,XY5TU4LR5zXXLXY/,474.000,IEtPd6GdCtaooxkh,474.000,NxEI7tMG5w+LsmIo,506.000,vWRTCpeRdExPnSKr
9,33,2026-04-04T09:58:54.652Z,471.000,7,301.000,hMSv+Gb8thFPP00s,305.000,Zei/66KkS/aufM7i,309.000,ckt2afaVH4Vb7UP/,312.000,o/L+MTIJQ9eq7gmz,389.000,egFi0biPGDaYhMBn,436.000,+MbPW6GumDNtG9XL,471.000,IEtPd6GdCtaooxkh,,,,,,
9,34,2026-04-04T09:58:55.123Z,972.000,9,633.000,ckt2afaVH4Vb7UP/,641.000,IEtPd6GdCtaooxkh,645.000,XY5TU4LR5zXXLXY/,666.000,+MbPW6GumDNtG9XL,681.000,Zei/66KkS/aufM7i,119893.000,hMSv+Gb8thFPP00s,119804.000,o/L+MTIJQ9eq7gmz,973.000,NxEI7tMG5w+LsmIo,119443.000,egFi0biPGDaYhMBn,,
9,35,2026-04-04T09:58:56.095Z,,0,,,,,,,,,,,,,,,,,,,,
